tract_number,tract_county,tract_state,total_households,Median income (dollars),Mean income (dollars)
4801,Arkansas County,Arkansas,473,"60,897","79,241"
4802,Arkansas County,Arkansas,555,"74,923","72,449"
4803,Arkansas County,Arkansas,"1,082","61,667","88,679"
4804,Arkansas County,Arkansas,853,"37,670","41,352"
4805,Arkansas County,Arkansas,"1,399","71,691","70,233"
4806,Arkansas County,Arkansas,659,"71,227","79,408"
4807,Arkansas County,Arkansas,"1,075","53,823","77,198"
4808,Arkansas County,Arkansas,491,"82,250","91,298"
9601,Ashley County,Arkansas,467,"55,938","65,285"
9602,Ashley County,Arkansas,902,"56,059","60,533"
9603,Ashley County,Arkansas,"1,647","35,387","56,087"
9604,Ashley County,Arkansas,551,"42,829","51,833"
9605,Ashley County,Arkansas,799,"34,861","44,063"
9606,Ashley County,Arkansas,"2,256","45,172","64,869"
9607,Ashley County,Arkansas,577,"54,125","82,595"
9501,Baxter County,Arkansas,"2,346","44,662","61,754"
9502,Baxter County,Arkansas,"2,217","40,493","58,010"
9503,Baxter County,Arkansas,"2,458","42,383","64,983"
9504,Baxter County,Arkansas,"1,491","44,492","88,179"
9505,Baxter County,Arkansas,"2,146","48,404","64,722"
9506,Baxter County,Arkansas,"1,755","62,518","108,931"
9507,Baxter County,Arkansas,"1,685","50,193","57,335"
9508.01,Baxter County,Arkansas,"1,979","52,005","68,101"
9508.02,Baxter County,Arkansas,772,"47,128","53,467"
9509,Baxter County,Arkansas,"2,440","46,944","59,383"
201.02,Benton County,Arkansas,"2,852","105,026","130,423"
201.03,Benton County,Arkansas,"1,737","78,750","94,727"
201.04,Benton County,Arkansas,631,"65,341","84,071"
202.01,Benton County,Arkansas,"1,548","78,929","108,193"
202.03,Benton County,Arkansas,"1,147","79,358","106,675"
202.05,Benton County,Arkansas,"1,824","62,253","89,863"
202.06,Benton County,Arkansas,"2,360","79,390","81,726"
203.01,Benton County,Arkansas,"1,850","37,981","48,086"
203.02,Benton County,Arkansas,"1,444","80,900","106,545"
203.04,Benton County,Arkansas,"1,841","65,874","90,112"
203.05,Benton County,Arkansas,"1,457","89,063","96,320"
204.01,Benton County,Arkansas,"2,668","69,943","86,285"
204.02,Benton County,Arkansas,"1,986","73,841","89,848"
204.04,Benton County,Arkansas,"1,651","65,173","86,627"
204.05,Benton County,Arkansas,"2,330","100,429","121,044"
205.01,Benton County,Arkansas,"2,327","89,284","168,884"
205.03,Benton County,Arkansas,"1,936","61,684","76,147"
205.04,Benton County,Arkansas,"1,300","61,594","92,000"
206.04,Benton County,Arkansas,"1,818","95,552","136,909"
206.05,Benton County,Arkansas,"1,493","98,512","119,474"
206.06,Benton County,Arkansas,"1,567","173,355","199,242"
206.07,Benton County,Arkansas,"4,706","108,021","124,143"
206.08,Benton County,Arkansas,"1,466","108,134","121,750"
207.01,Benton County,Arkansas,"2,377","93,132","122,647"
207.03,Benton County,Arkansas,"2,059","113,966","131,924"
207.04,Benton County,Arkansas,"1,776","97,073","140,966"
208.01,Benton County,Arkansas,"2,147","84,669","100,839"
208.03,Benton County,Arkansas,"2,209","81,397","182,836"
208.05,Benton County,Arkansas,"2,023","91,675","128,034"
208.06,Benton County,Arkansas,"2,578","89,947","223,084"
209.03,Benton County,Arkansas,"1,953","98,979","119,938"
209.04,Benton County,Arkansas,"2,569","114,993","142,364"
209.05,Benton County,Arkansas,"1,138","73,102","111,332"
209.06,Benton County,Arkansas,"2,129","94,803","115,043"
210.01,Benton County,Arkansas,"1,817","59,417","86,655"
210.03,Benton County,Arkansas,937,"61,205","71,026"
210.04,Benton County,Arkansas,"1,454","73,146","84,024"
211.01,Benton County,Arkansas,"1,837","69,807","83,024"
211.02,Benton County,Arkansas,"1,342","77,692","76,532"
212.01,Benton County,Arkansas,"1,636","79,408","111,087"
212.02,Benton County,Arkansas,"1,285","50,655","63,053"
213.04,Benton County,Arkansas,"4,352","127,668","146,865"
213.05,Benton County,Arkansas,"2,851","100,125","148,596"
213.06,Benton County,Arkansas,"2,007","198,153","254,710"
213.08,Benton County,Arkansas,"2,287","159,736","191,372"
213.12,Benton County,Arkansas,"1,696","59,848","73,484"
213.13,Benton County,Arkansas,"1,220","63,636","79,559"
213.14,Benton County,Arkansas,"1,083","121,406","139,507"
213.15,Benton County,Arkansas,"2,385","100,239","125,128"
213.16,Benton County,Arkansas,"2,493","146,285","153,203"
213.17,Benton County,Arkansas,"1,320","112,188","126,744"
214.04,Benton County,Arkansas,"1,440","73,000","94,266"
214.05,Benton County,Arkansas,925,"74,489","119,648"
214.06,Benton County,Arkansas,"1,678","86,908","96,522"
214.07,Benton County,Arkansas,"1,726","105,750","130,165"
214.08,Benton County,Arkansas,"1,918","79,464","104,249"
214.09,Benton County,Arkansas,"1,081","97,250","149,494"
7901,Boone County,Arkansas,"2,457","60,838","74,481"
7902,Boone County,Arkansas,"2,246","60,244","80,876"
7903,Boone County,Arkansas,"2,052","63,837","72,450"
7904,Boone County,Arkansas,"2,408","61,773","80,456"
7905.01,Boone County,Arkansas,"1,866","52,250","71,116"
7905.02,Boone County,Arkansas,"1,892","35,944","49,243"
7906,Boone County,Arkansas,"2,311","48,368","61,069"
9501,Bradley County,Arkansas,957,"41,094","64,310"
9502,Bradley County,Arkansas,631,"47,216","66,123"
9503,Bradley County,Arkansas,694,"28,171","55,830"
9504,Bradley County,Arkansas,555,"48,551","75,003"
9505,Bradley County,Arkansas,763,"35,568","52,944"
4801,Calhoun County,Arkansas,856,"59,000","69,305"
4802,Calhoun County,Arkansas,728,"69,423","77,698"
9501,Carroll County,Arkansas,"1,372","45,000","66,141"
9502.01,Carroll County,Arkansas,"1,712","78,833","82,391"
9502.02,Carroll County,Arkansas,"1,114","51,892","58,338"
9503.01,Carroll County,Arkansas,"1,510","48,377","82,161"
9503.02,Carroll County,Arkansas,"1,609","44,583","60,195"
9504,Carroll County,Arkansas,"1,559","71,116","78,167"
9505.01,Carroll County,Arkansas,805,"55,486","87,321"
9505.02,Carroll County,Arkansas,"1,425","48,065","64,438"
801,Chicot County,Arkansas,974,"69,207","92,056"
802,Chicot County,Arkansas,889,"25,518","43,304"
803,Chicot County,Arkansas,"1,074","45,179","57,712"
804,Chicot County,Arkansas,982,"27,197","44,613"
9536.01,Clark County,Arkansas,"1,892","41,792","58,976"
9536.02,Clark County,Arkansas,"1,164","63,333","79,217"
9537,Clark County,Arkansas,"1,594","48,182","67,824"
9538,Clark County,Arkansas,"1,412","46,154","55,099"
9539.01,Clark County,Arkansas,859,"67,361","103,453"
9539.02,Clark County,Arkansas,"1,226","53,750","58,267"
9501,Clay County,Arkansas,814,"45,556","55,159"
9502,Clay County,Arkansas,832,"56,215","81,542"
9503,Clay County,Arkansas,742,"62,188","72,057"
9504,Clay County,Arkansas,"1,366","44,034","60,810"
9505,Clay County,Arkansas,862,"45,104","51,721"
9506,Clay County,Arkansas,"1,500","48,889","62,763"
4801,Cleburne County,Arkansas,"1,517","55,685","69,279"
4802.01,Cleburne County,Arkansas,800,"55,000","69,140"
4802.03,Cleburne County,Arkansas,905,"57,104","66,528"
4802.04,Cleburne County,Arkansas,391,"83,454","103,218"
4803.01,Cleburne County,Arkansas,982,"50,556","66,040"
4803.02,Cleburne County,Arkansas,"1,460","60,357","89,429"
4804,Cleburne County,Arkansas,"1,780","54,425","81,894"
4805.01,Cleburne County,Arkansas,"1,140","53,779","65,489"
4805.02,Cleburne County,Arkansas,"1,483","50,101","71,484"
9701,Cleveland County,Arkansas,"1,528","47,386","61,229"
9702,Cleveland County,Arkansas,"1,265","54,044","80,159"
9501,Columbia County,Arkansas,"1,494","65,720","94,086"
9502,Columbia County,Arkansas,"1,732","43,878","63,871"
9503.01,Columbia County,Arkansas,409,"56,146","68,353"
9503.02,Columbia County,Arkansas,"1,417","46,393","62,196"
9504.01,Columbia County,Arkansas,"1,059","68,620","79,142"
9504.02,Columbia County,Arkansas,935,"54,336","58,254"
9505,Columbia County,Arkansas,"1,315","22,458","37,659"
9501,Conway County,Arkansas,"1,944","64,362","76,469"
9502,Conway County,Arkansas,"1,311","57,153","72,493"
9503,Conway County,Arkansas,"2,048","43,241","62,257"
9504,Conway County,Arkansas,970,"48,929","69,852"
9505,Conway County,Arkansas,"1,267","48,569","64,540"
9506,Conway County,Arkansas,763,"50,529","70,642"
1.01,Craighead County,Arkansas,"1,704","35,488","58,474"
1.02,Craighead County,Arkansas,"1,406","45,521","76,867"
2,Craighead County,Arkansas,"1,883","40,870","56,042"
3,Craighead County,Arkansas,"2,789","58,693","85,792"
4.01,Craighead County,Arkansas,"2,433","63,894","66,413"
4.03,Craighead County,Arkansas,"1,996","52,500","66,499"
4.04,Craighead County,Arkansas,"2,227","46,889","55,959"
5.01,Craighead County,Arkansas,"3,375","102,658","113,978"
5.02,Craighead County,Arkansas,"2,834","42,861","55,267"
6.01,Craighead County,Arkansas,"2,456","34,390","50,328"
6.02,Craighead County,Arkansas,"1,537","20,701","34,067"
7.01,Craighead County,Arkansas,"1,565","90,663","109,394"
7.02,Craighead County,Arkansas,"1,426","61,250","72,122"
8.03,Craighead County,Arkansas,"2,046","144,043","133,165"
8.04,Craighead County,Arkansas,"1,091","102,354","154,803"
8.05,Craighead County,Arkansas,"1,766","48,500","68,308"
8.06,Craighead County,Arkansas,"1,499","121,635","179,229"
9,Craighead County,Arkansas,"2,455","58,382","70,936"
10,Craighead County,Arkansas,"1,504","52,074","68,817"
11.01,Craighead County,Arkansas,"1,791","87,452","141,133"
11.02,Craighead County,Arkansas,"1,827","67,891","81,373"
12,Craighead County,Arkansas,"1,747","48,668","63,588"
201.01,Crawford County,Arkansas,"1,115","66,161","76,441"
201.02,Crawford County,Arkansas,921,"62,399","70,478"
202.04,Crawford County,Arkansas,"2,359","70,484","85,338"
202.05,Crawford County,Arkansas,"1,338","57,708","73,579"
202.06,Crawford County,Arkansas,829,"51,542","58,500"
202.07,Crawford County,Arkansas,"1,598","61,881","83,113"
202.08,Crawford County,Arkansas,"1,436","58,040","63,903"
203.01,Crawford County,Arkansas,"1,601","68,187","74,963"
203.02,Crawford County,Arkansas,"1,646","64,346","89,624"
204.01,Crawford County,Arkansas,"2,049","58,854","74,674"
204.02,Crawford County,Arkansas,"1,707","60,509","75,068"
205.01,Crawford County,Arkansas,"1,522","60,852","65,096"
205.02,Crawford County,Arkansas,"1,596","44,398","55,889"
206.01,Crawford County,Arkansas,822,"70,833","100,927"
206.02,Crawford County,Arkansas,"2,455","61,433","79,425"
301.01,Crittenden County,Arkansas,796,"34,360","42,816"
301.02,Crittenden County,Arkansas,"1,111","35,168","50,082"
302.01,Crittenden County,Arkansas,"2,201","60,350","65,197"
302.02,Crittenden County,Arkansas,"1,439","75,991","91,180"
303.01,Crittenden County,Arkansas,"1,021","40,717","58,822"
303.02,Crittenden County,Arkansas,"1,148","20,161","33,466"
305.03,Crittenden County,Arkansas,600,"29,844","39,251"
306.01,Crittenden County,Arkansas,270,"27,292","51,865"
306.02,Crittenden County,Arkansas,"1,515","39,774","56,643"
307.01,Crittenden County,Arkansas,392,"69,565","74,794"
307.02,Crittenden County,Arkansas,364,"44,773","56,939"
307.03,Crittenden County,Arkansas,340,"43,949","62,662"
308.03,Crittenden County,Arkansas,697,"89,676","93,177"
308.04,Crittenden County,Arkansas,"1,749","76,633","80,440"
308.05,Crittenden County,Arkansas,"1,323","59,917","72,281"
308.06,Crittenden County,Arkansas,"1,288","110,583","170,171"
308.07,Crittenden County,Arkansas,466,"113,056","116,210"
310,Crittenden County,Arkansas,452,"65,000","87,053"
311,Crittenden County,Arkansas,632,"31,204","49,153"
312,Crittenden County,Arkansas,534,"45,000","59,593"
9501,Cross County,Arkansas,431,"26,509","33,008"
9502,Cross County,Arkansas,"1,263","39,531","75,566"
9503,Cross County,Arkansas,567,"61,484","81,773"
9504,Cross County,Arkansas,922,"77,763","80,723"
9505,Cross County,Arkansas,"1,686","36,690","45,174"
9506,Cross County,Arkansas,"1,655","63,906","90,123"
9701,Dallas County,Arkansas,471,"32,378","49,683"
9702,Dallas County,Arkansas,680,"66,429","81,239"
9703,Dallas County,Arkansas,"1,274","43,542","52,907"
9501,Desha County,Arkansas,661,"40,590","55,822"
9502,Desha County,Arkansas,"1,546","36,707","47,586"
9503,Desha County,Arkansas,665,"23,042","38,262"
9504,Desha County,Arkansas,"1,258","31,810","57,758"
9505,Desha County,Arkansas,620,"44,679","69,033"
4901,Drew County,Arkansas,843,"56,250","80,908"
4902,Drew County,Arkansas,"1,120","39,788","58,668"
4903,Drew County,Arkansas,"2,237","29,756","63,607"
4904,Drew County,Arkansas,"1,234","37,935","51,251"
4905,Drew County,Arkansas,"1,570","53,088","66,874"
301.01,Faulkner County,Arkansas,"1,143","70,972","90,375"
301.02,Faulkner County,Arkansas,"2,339","67,307","78,118"
301.03,Faulkner County,Arkansas,"1,202","93,929","133,420"
301.04,Faulkner County,Arkansas,"1,800","87,500","108,433"
302.01,Faulkner County,Arkansas,"1,155","76,583","84,281"
302.02,Faulkner County,Arkansas,"1,109","58,506","72,666"
303.01,Faulkner County,Arkansas,"2,178","75,560","78,805"
303.02,Faulkner County,Arkansas,"2,368","80,776","97,013"
303.03,Faulkner County,Arkansas,"1,969","66,448","80,341"
304.01,Faulkner County,Arkansas,"1,115","112,593","146,657"
304.02,Faulkner County,Arkansas,"1,590","83,690","88,612"
304.03,Faulkner County,Arkansas,"1,508","58,095","75,980"
304.04,Faulkner County,Arkansas,"1,077","60,146","73,249"
305.02,Faulkner County,Arkansas,"2,145","51,250","60,509"
305.03,Faulkner County,Arkansas,"2,392","51,868","93,358"
305.04,Faulkner County,Arkansas,"2,584","84,306","123,122"
306,Faulkner County,Arkansas,"2,075","86,226","103,618"
307.01,Faulkner County,Arkansas,"1,241","45,938","52,356"
307.02,Faulkner County,Arkansas,"1,770","50,546","59,020"
308,Faulkner County,Arkansas,"1,845","50,972","66,336"
309,Faulkner County,Arkansas,"1,474","28,797","39,013"
310.01,Faulkner County,Arkansas,"1,881","61,236","97,102"
310.03,Faulkner County,Arkansas,"1,370","37,087","56,923"
310.06,Faulkner County,Arkansas,"1,778","59,904","89,652"
310.07,Faulkner County,Arkansas,"1,760","49,750","70,375"
310.08,Faulkner County,Arkansas,"2,181","72,819","123,501"
311.01,Faulkner County,Arkansas,"2,034","55,862","65,773"
311.02,Faulkner County,Arkansas,"1,783","61,932","77,761"
9501,Franklin County,Arkansas,"1,217","58,531","71,961"
9502.01,Franklin County,Arkansas,"1,344","53,278","60,681"
9502.02,Franklin County,Arkansas,"1,449","48,176","51,247"
9503.01,Franklin County,Arkansas,"1,583","39,110","73,056"
9503.02,Franklin County,Arkansas,"1,285","59,896","72,769"
5501.01,Fulton County,Arkansas,"1,452","36,370","54,243"
5501.02,Fulton County,Arkansas,868,"40,375","55,144"
5502.01,Fulton County,Arkansas,"1,284","37,214","50,613"
5502.02,Fulton County,Arkansas,"1,204","43,734","57,980"
103.01,Garland County,Arkansas,"1,733","53,497","60,112"
103.02,Garland County,Arkansas,756,"78,234","86,295"
104.01,Garland County,Arkansas,"1,889","64,866","82,283"
104.02,Garland County,Arkansas,"1,469","59,112","70,149"
105.01,Garland County,Arkansas,"1,743","84,014","89,295"
105.02,Garland County,Arkansas,820,"54,634","59,925"
106.01,Garland County,Arkansas,739,"48,281","66,964"
106.02,Garland County,Arkansas,934,"27,656","37,451"
107,Garland County,Arkansas,982,"15,000","35,491"
108,Garland County,Arkansas,"1,248","33,111","43,448"
109,Garland County,Arkansas,"1,815","40,950","61,157"
110.01,Garland County,Arkansas,"1,362","46,905","57,836"
110.02,Garland County,Arkansas,609,"50,281","51,037"
111.01,Garland County,Arkansas,"2,087","64,848","84,936"
111.02,Garland County,Arkansas,"1,486","64,500","76,103"
112.01,Garland County,Arkansas,"2,076","68,172","80,158"
112.02,Garland County,Arkansas,"1,507","62,068","82,325"
113,Garland County,Arkansas,"2,318","41,937","54,786"
114,Garland County,Arkansas,"1,274","32,215","42,921"
115,Garland County,Arkansas,"1,143","30,653","41,824"
116.01,Garland County,Arkansas,"1,982","70,732","94,115"
116.02,Garland County,Arkansas,"2,288","88,611","114,425"
117.01,Garland County,Arkansas,"1,901","52,781","66,850"
117.02,Garland County,Arkansas,504,"35,357","61,055"
118.01,Garland County,Arkansas,"1,056","65,938","86,215"
118.02,Garland County,Arkansas,"1,213","56,865","95,072"
119.01,Garland County,Arkansas,"1,361","69,009","108,199"
119.02,Garland County,Arkansas,"1,010","89,000","154,929"
120.01,Garland County,Arkansas,"2,381","57,569","65,448"
120.02,Garland County,Arkansas,"2,076","52,789","73,001"
4701,Grant County,Arkansas,"1,889","78,618","97,602"
4702,Grant County,Arkansas,"1,231","86,164","129,044"
4703,Grant County,Arkansas,"1,389","65,815","81,094"
4704.01,Grant County,Arkansas,"1,533","61,655","78,054"
4704.02,Grant County,Arkansas,913,"65,583","64,106"
4801,Greene County,Arkansas,"1,204","51,967","60,571"
4802,Greene County,Arkansas,"1,790","65,476","75,190"
4803,Greene County,Arkansas,"1,196","67,857","83,343"
4804.01,Greene County,Arkansas,"1,768","45,625","59,111"
4804.02,Greene County,Arkansas,"1,190","54,303","55,439"
4805.01,Greene County,Arkansas,"1,507","48,371","54,772"
4805.02,Greene County,Arkansas,"1,345","30,918","41,532"
4806.01,Greene County,Arkansas,"1,376","70,170","79,212"
4806.02,Greene County,Arkansas,"1,750","80,000","87,019"
4807,Greene County,Arkansas,826,"28,071","40,781"
4808.01,Greene County,Arkansas,"1,956","76,888","90,502"
4808.02,Greene County,Arkansas,"2,018","60,696","77,966"
4801.01,Hempstead County,Arkansas,824,"54,444","73,480"
4801.02,Hempstead County,Arkansas,847,"51,985","73,762"
4802,Hempstead County,Arkansas,"1,043","39,295","49,418"
4803.01,Hempstead County,Arkansas,842,"31,071","37,274"
4803.02,Hempstead County,Arkansas,"1,175","56,875","65,411"
4804,Hempstead County,Arkansas,"1,352","61,111","68,291"
4805,Hempstead County,Arkansas,"1,371","54,361","88,663"
201.01,Hot Spring County,Arkansas,"1,362","56,786","66,284"
201.02,Hot Spring County,Arkansas,"1,349","65,469","86,238"
202,Hot Spring County,Arkansas,"1,141","37,388","43,670"
203,Hot Spring County,Arkansas,666,"71,354","72,638"
204,Hot Spring County,Arkansas,"2,263","50,260","57,603"
205,Hot Spring County,Arkansas,"1,552","69,407","73,306"
206,Hot Spring County,Arkansas,"1,458","57,500","77,205"
207.01,Hot Spring County,Arkansas,967,"51,784","60,848"
207.02,Hot Spring County,Arkansas,"1,343","58,352","69,161"
9501,Howard County,Arkansas,"1,769","32,852","60,469"
9502,Howard County,Arkansas,"1,765","61,250","72,097"
9503,Howard County,Arkansas,"1,635","39,182","55,084"
4901.01,Independence County,Arkansas,"1,028","52,273","72,545"
4901.02,Independence County,Arkansas,"1,445","73,203","118,244"
4902,Independence County,Arkansas,861,"53,254","75,294"
4903,Independence County,Arkansas,"2,485","59,306","73,407"
4904,Independence County,Arkansas,"1,880","43,869","58,274"
4905,Independence County,Arkansas,"1,357","69,526","103,519"
4906,Independence County,Arkansas,"1,039","37,731","47,228"
4907.01,Independence County,Arkansas,"1,361","75,299","70,602"
4907.02,Independence County,Arkansas,"1,194","48,347","78,638"
4908,Independence County,Arkansas,"1,865","60,440","75,064"
9601,Izard County,Arkansas,"1,298","42,356","57,917"
9602,Izard County,Arkansas,"1,702","41,316","64,838"
9603,Izard County,Arkansas,"1,020","45,000","51,049"
9604,Izard County,Arkansas,"1,007","53,730","70,166"
4801,Jackson County,Arkansas,"1,189","38,839","60,760"
4802,Jackson County,Arkansas,"1,284","42,162","60,291"
4803,Jackson County,Arkansas,"2,053","31,732","43,580"
4804.01,Jackson County,Arkansas,643,"63,208","104,616"
4804.02,Jackson County,Arkansas,256,"51,719","66,155"
4805,Jackson County,Arkansas,669,"53,713","70,205"
1.02,Jefferson County,Arkansas,17,-,N
3.01,Jefferson County,Arkansas,"1,249","49,055","75,627"
3.02,Jefferson County,Arkansas,"2,076","84,722","92,707"
3.03,Jefferson County,Arkansas,"1,256","45,424","61,828"
5.02,Jefferson County,Arkansas,773,"31,356","39,623"
9,Jefferson County,Arkansas,"1,126","34,464","46,196"
10,Jefferson County,Arkansas,453,-,"36,029"
12,Jefferson County,Arkansas,813,"22,113","68,298"
13,Jefferson County,Arkansas,475,"29,271","38,530"
14.01,Jefferson County,Arkansas,710,"21,858","33,463"
14.02,Jefferson County,Arkansas,745,"38,781","62,488"
15.01,Jefferson County,Arkansas,"1,368","46,810","59,575"
15.02,Jefferson County,Arkansas,"1,515","35,091","44,878"
16,Jefferson County,Arkansas,809,"43,536","49,176"
17,Jefferson County,Arkansas,786,"45,560","50,236"
18,Jefferson County,Arkansas,"1,243","59,882","86,875"
19.01,Jefferson County,Arkansas,404,"42,768","62,931"
19.03,Jefferson County,Arkansas,802,"36,429","42,436"
20,Jefferson County,Arkansas,"2,013","79,306","102,255"
21.03,Jefferson County,Arkansas,"1,227","51,607","64,122"
21.04,Jefferson County,Arkansas,"1,808","62,083","74,661"
23,Jefferson County,Arkansas,815,"35,949","55,560"
24,Jefferson County,Arkansas,"1,398","70,948","77,877"
25,Jefferson County,Arkansas,453,"72,726","62,024"
9517,Johnson County,Arkansas,"2,012","56,210","64,653"
9518,Johnson County,Arkansas,"1,522","43,519","57,859"
9519,Johnson County,Arkansas,"1,254","69,569","89,229"
9520,Johnson County,Arkansas,"1,753","30,892","39,488"
9521,Johnson County,Arkansas,"1,495","40,355","59,923"
9522,Johnson County,Arkansas,"2,011","58,069","63,208"
4701.01,Lafayette County,Arkansas,766,"34,808","45,859"
4701.02,Lafayette County,Arkansas,754,"46,552","61,251"
4702,Lafayette County,Arkansas,"1,044","32,386","49,681"
4701,Lawrence County,Arkansas,576,"51,875","71,361"
4702,Lawrence County,Arkansas,"1,559","48,778","68,718"
4703,Lawrence County,Arkansas,757,"50,972","66,938"
4704,Lawrence County,Arkansas,486,"44,500","64,765"
4705.01,Lawrence County,Arkansas,"1,183","35,441","48,548"
4705.02,Lawrence County,Arkansas,"1,876","44,928","65,858"
4701,Lee County,Arkansas,336,"45,556","48,967"
4702,Lee County,Arkansas,640,"46,518","109,352"
4703,Lee County,Arkansas,"1,257","20,860","39,550"
4704,Lee County,Arkansas,408,"42,857","58,863"
9603,Lincoln County,Arkansas,"1,066","61,111","76,074"
9604,Lincoln County,Arkansas,"1,116","50,179","67,699"
9605,Lincoln County,Arkansas,793,"53,818","67,771"
9606,Lincoln County,Arkansas,543,"33,250","50,541"
301.01,Little River County,Arkansas,871,"56,964","73,204"
301.03,Little River County,Arkansas,820,"48,596","63,952"
301.04,Little River County,Arkansas,909,"39,738","65,086"
302,Little River County,Arkansas,964,"52,727","67,317"
303.01,Little River County,Arkansas,441,"53,685","75,097"
303.02,Little River County,Arkansas,785,"63,598","76,166"
9501,Logan County,Arkansas,"1,589","64,727","70,977"
9502,Logan County,Arkansas,"1,436","66,250","92,907"
9503,Logan County,Arkansas,"1,623","48,618","62,344"
9504,Logan County,Arkansas,"1,187","58,917","73,405"
9505,Logan County,Arkansas,"1,612","49,874","56,881"
9506,Logan County,Arkansas,"1,037","63,750","88,038"
201.02,Lonoke County,Arkansas,"2,026","69,719","78,182"
201.03,Lonoke County,Arkansas,"2,738","87,602","114,380"
201.05,Lonoke County,Arkansas,"2,319","111,811","122,691"
201.06,Lonoke County,Arkansas,884,"62,700","91,883"
201.07,Lonoke County,Arkansas,907,"51,847","93,177"
201.08,Lonoke County,Arkansas,"1,746","81,923","117,805"
202.01,Lonoke County,Arkansas,"1,363","89,205","103,026"
202.02,Lonoke County,Arkansas,"1,271","61,359","76,759"
202.04,Lonoke County,Arkansas,"2,210","55,809","66,056"
202.05,Lonoke County,Arkansas,"1,791","66,604","77,742"
202.06,Lonoke County,Arkansas,"1,938","65,127","80,637"
203.01,Lonoke County,Arkansas,"1,737","61,169","77,553"
203.02,Lonoke County,Arkansas,"1,481","93,542","97,715"
204,Lonoke County,Arkansas,"1,102","48,115","68,227"
205,Lonoke County,Arkansas,"2,116","51,078","80,156"
206,Lonoke County,Arkansas,626,"50,556","68,860"
207,Lonoke County,Arkansas,"1,133","48,324","66,294"
208,Lonoke County,Arkansas,429,"54,028","58,758"
9601,Madison County,Arkansas,"1,387","73,299","87,426"
9602,Madison County,Arkansas,"1,482","53,250","76,266"
9603,Madison County,Arkansas,"2,223","43,828","67,241"
9604,Madison County,Arkansas,"1,289","58,854","68,033"
9601,Marion County,Arkansas,"1,992","51,654","64,622"
9602.01,Marion County,Arkansas,"1,290","52,115","65,865"
9602.02,Marion County,Arkansas,"1,539","52,188","61,025"
9603.01,Marion County,Arkansas,"1,008","35,625","50,442"
9603.02,Marion County,Arkansas,"1,467","42,903","63,839"
201,Miller County,Arkansas,"1,500","37,294","46,220"
202,Miller County,Arkansas,"1,168","30,227","43,682"
204,Miller County,Arkansas,850,"33,942","59,252"
205,Miller County,Arkansas,832,"34,048","58,657"
206,Miller County,Arkansas,822,"23,771","26,981"
207.01,Miller County,Arkansas,"1,612","54,093","60,581"
207.02,Miller County,Arkansas,"1,635","48,692","68,107"
208.01,Miller County,Arkansas,"1,018","98,750","121,011"
208.02,Miller County,Arkansas,983,"70,906","76,315"
209.01,Miller County,Arkansas,837,"59,095","87,271"
209.02,Miller County,Arkansas,"2,238","56,635","73,107"
210.01,Miller County,Arkansas,"1,306","63,592","83,586"
210.02,Miller County,Arkansas,"1,475","71,163","82,759"
9800,Miller County,Arkansas,35,-,N
101,Mississippi County,Arkansas,576,"27,174","39,502"
102,Mississippi County,Arkansas,"1,948","44,929","60,574"
103,Mississippi County,Arkansas,"1,033","32,050","41,867"
106.01,Mississippi County,Arkansas,"1,780","76,406","105,841"
106.02,Mississippi County,Arkansas,513,"41,994","73,491"
107,Mississippi County,Arkansas,"1,543","88,393","102,654"
108.01,Mississippi County,Arkansas,"1,262","54,717","78,202"
108.02,Mississippi County,Arkansas,"1,093","65,103","109,774"
109,Mississippi County,Arkansas,682,"34,435","50,186"
110,Mississippi County,Arkansas,"1,426","32,913","56,051"
111,Mississippi County,Arkansas,"1,244","58,093","74,642"
112,Mississippi County,Arkansas,866,"65,441","77,399"
113,Mississippi County,Arkansas,643,"39,047","79,889"
114,Mississippi County,Arkansas,772,"59,277","74,795"
9501,Monroe County,Arkansas,"1,343","37,998","44,494"
9502,Monroe County,Arkansas,826,"48,611","68,595"
9503,Monroe County,Arkansas,650,"62,569","69,610"
9530,Montgomery County,Arkansas,"1,500","47,531","69,990"
9531,Montgomery County,Arkansas,857,"43,212","55,153"
9532,Montgomery County,Arkansas,"1,395","55,793","67,041"
901,Nevada County,Arkansas,985,"57,148","65,829"
902,Nevada County,Arkansas,"1,705","40,126","48,045"
903,Nevada County,Arkansas,712,"32,278","44,334"
1801,Newton County,Arkansas,"1,497","52,917","62,197"
1802,Newton County,Arkansas,"1,552","46,270","66,989"
9501.01,Ouachita County,Arkansas,858,"55,761","63,861"
9501.02,Ouachita County,Arkansas,"1,023","48,569","67,278"
9502,Ouachita County,Arkansas,956,"42,262","62,458"
9503.01,Ouachita County,Arkansas,715,"45,700","59,298"
9503.02,Ouachita County,Arkansas,957,"63,304","68,678"
9504,Ouachita County,Arkansas,"1,270","63,902","68,470"
9505,Ouachita County,Arkansas,"1,466","46,111","68,542"
9506,Ouachita County,Arkansas,"1,345","50,364","48,366"
9527,Perry County,Arkansas,"1,897","61,422","79,337"
9528,Perry County,Arkansas,"1,213","55,750","66,175"
9529,Perry County,Arkansas,730,"62,250","80,773"
4801,Phillips County,Arkansas,970,"46,111","69,032"
4802.01,Phillips County,Arkansas,832,"55,045","67,384"
4802.02,Phillips County,Arkansas,681,"66,250","81,204"
4803,Phillips County,Arkansas,"1,804","33,000","45,178"
4804,Phillips County,Arkansas,628,"19,447","37,342"
4805,Phillips County,Arkansas,711,"24,583","34,639"
4806,Phillips County,Arkansas,553,"37,989","52,580"
9533,Pike County,Arkansas,"1,423","48,661","70,422"
9534,Pike County,Arkansas,837,"70,521","96,070"
9535,Pike County,Arkansas,"1,860","50,756","59,212"
4901,Poinsett County,Arkansas,"1,450","47,069","75,600"
4902,Poinsett County,Arkansas,581,"48,661","67,515"
4903,Poinsett County,Arkansas,"1,512","22,982","36,834"
4904,Poinsett County,Arkansas,"1,724","58,255","65,237"
4905.01,Poinsett County,Arkansas,"1,053","53,580","60,562"
4905.02,Poinsett County,Arkansas,"1,332","59,609","80,388"
4906,Poinsett County,Arkansas,531,"51,250","61,303"
4907,Poinsett County,Arkansas,848,"45,263","50,827"
9501,Polk County,Arkansas,"1,765","49,004","71,973"
9502.01,Polk County,Arkansas,839,"66,973","68,192"
9502.02,Polk County,Arkansas,"1,317","45,869","86,048"
9503,Polk County,Arkansas,"1,209","39,812","93,244"
9504,Polk County,Arkansas,"1,121","45,764","65,795"
9505,Polk County,Arkansas,800,"48,929","69,928"
9506,Polk County,Arkansas,833,"51,083","65,933"
9507,Pope County,Arkansas,"1,627","41,536","56,351"
9508,Pope County,Arkansas,"1,935","75,194","83,470"
9509.01,Pope County,Arkansas,"1,107","66,813","88,622"
9509.02,Pope County,Arkansas,"1,661","43,125","68,580"
9510,Pope County,Arkansas,"1,781","48,510","68,020"
9511,Pope County,Arkansas,"1,451","67,434","80,586"
9512.01,Pope County,Arkansas,"1,163","89,735","108,667"
9512.02,Pope County,Arkansas,"1,991","74,875","117,184"
9513.01,Pope County,Arkansas,509,"36,250","46,851"
9513.02,Pope County,Arkansas,"1,337","47,550","46,878"
9513.03,Pope County,Arkansas,"1,160","51,532","67,534"
9514,Pope County,Arkansas,"1,053","31,533","47,527"
9515.01,Pope County,Arkansas,"1,380","87,614","123,829"
9515.03,Pope County,Arkansas,"1,203","54,613","83,694"
9515.04,Pope County,Arkansas,"1,742","53,382","70,035"
9516.01,Pope County,Arkansas,"2,587","46,016","62,549"
9516.02,Pope County,Arkansas,386,"64,375","75,987"
4601,Prairie County,Arkansas,"1,442","39,506","68,932"
4602,Prairie County,Arkansas,"1,119","66,953","88,218"
4603,Prairie County,Arkansas,700,"63,750","66,501"
5,Pulaski County,Arkansas,825,"26,359","37,494"
11,Pulaski County,Arkansas,704,"38,333","56,859"
12,Pulaski County,Arkansas,425,"35,750","37,369"
13,Pulaski County,Arkansas,736,"38,750","49,488"
15.01,Pulaski County,Arkansas,"1,902","92,019","126,096"
15.02,Pulaski County,Arkansas,"2,206","76,010","138,175"
16,Pulaski County,Arkansas,"2,750","100,643","196,360"
18,Pulaski County,Arkansas,"2,135","32,321","41,313"
19,Pulaski County,Arkansas,"1,292","28,176","50,484"
20.01,Pulaski County,Arkansas,"2,297","46,995","46,600"
20.02,Pulaski County,Arkansas,"1,739","28,092","37,565"
21.02,Pulaski County,Arkansas,"1,842","36,460","52,236"
21.03,Pulaski County,Arkansas,"1,673","59,292","80,148"
21.04,Pulaski County,Arkansas,"2,291","116,197","130,696"
22.03,Pulaski County,Arkansas,"2,179","44,713","71,387"
22.06,Pulaski County,Arkansas,"1,939","62,798","70,658"
22.08,Pulaski County,Arkansas,893,"63,886","69,460"
22.09,Pulaski County,Arkansas,"1,555","55,717","70,077"
22.10,Pulaski County,Arkansas,829,"136,875","141,784"
22.11,Pulaski County,Arkansas,"2,626","71,643","106,253"
24.03,Pulaski County,Arkansas,"1,667","37,893","47,826"
24.05,Pulaski County,Arkansas,"2,266","62,203","73,787"
24.06,Pulaski County,Arkansas,"1,140","50,217","70,730"
24.07,Pulaski County,Arkansas,"1,078","76,383","85,663"
24.09,Pulaski County,Arkansas,"1,514","46,814","54,424"
24.10,Pulaski County,Arkansas,"1,536","26,875","44,833"
25,Pulaski County,Arkansas,890,"51,563","62,165"
26,Pulaski County,Arkansas,483,"30,602","45,048"
27,Pulaski County,Arkansas,"2,459","26,880","34,055"
28,Pulaski County,Arkansas,846,"12,188","25,277"
29,Pulaski County,Arkansas,567,"32,745","35,716"
30.01,Pulaski County,Arkansas,"1,317","40,880","62,502"
30.02,Pulaski County,Arkansas,"1,354","26,711","35,130"
31,Pulaski County,Arkansas,496,"18,657","26,283"
32.02,Pulaski County,Arkansas,"2,607","47,030","73,831"
32.07,Pulaski County,Arkansas,"1,005","66,875","68,480"
32.08,Pulaski County,Arkansas,"2,209","37,011","47,009"
33.03,Pulaski County,Arkansas,"2,337","88,806","105,647"
33.05,Pulaski County,Arkansas,"1,795","60,375","71,850"
33.06,Pulaski County,Arkansas,"1,581","53,924","60,481"
33.07,Pulaski County,Arkansas,947,"52,484","78,967"
33.08,Pulaski County,Arkansas,"1,975","84,922","107,276"
34.03,Pulaski County,Arkansas,"1,181","60,408","95,137"
34.04,Pulaski County,Arkansas,"1,879","54,470","98,727"
34.05,Pulaski County,Arkansas,756,"22,946","44,421"
34.06,Pulaski County,Arkansas,"1,846","69,716","76,504"
36.04,Pulaski County,Arkansas,"2,552","64,643","89,783"
36.05,Pulaski County,Arkansas,"2,510","47,330","64,277"
36.06,Pulaski County,Arkansas,"1,175","38,224","38,994"
36.07,Pulaski County,Arkansas,"1,866","43,640","53,131"
36.08,Pulaski County,Arkansas,"2,157","45,925","58,571"
36.09,Pulaski County,Arkansas,"1,744","56,116","74,769"
37.03,Pulaski County,Arkansas,"2,504","104,028","124,941"
37.04,Pulaski County,Arkansas,"1,549","66,209","71,723"
37.07,Pulaski County,Arkansas,"1,551","64,625","97,150"
37.11,Pulaski County,Arkansas,"2,334","77,589","92,966"
37.12,Pulaski County,Arkansas,"1,810","97,500","113,084"
37.13,Pulaski County,Arkansas,"1,925","97,079","106,329"
37.14,Pulaski County,Arkansas,"2,137","73,781","90,513"
38,Pulaski County,Arkansas,"1,865","51,438","67,245"
39,Pulaski County,Arkansas,"1,993","75,216","81,993"
40.01,Pulaski County,Arkansas,799,"69,403","68,259"
40.04,Pulaski County,Arkansas,"1,369","60,566","102,009"
40.05,Pulaski County,Arkansas,868,"42,007","56,177"
40.06,Pulaski County,Arkansas,"1,209","34,619","61,585"
40.07,Pulaski County,Arkansas,844,"37,708","70,071"
41.03,Pulaski County,Arkansas,"1,670","36,164","41,529"
41.04,Pulaski County,Arkansas,980,"62,857","78,913"
41.05,Pulaski County,Arkansas,"2,367","51,125","59,885"
41.06,Pulaski County,Arkansas,"2,183","44,688","67,247"
41.07,Pulaski County,Arkansas,"1,244","45,054","51,522"
41.08,Pulaski County,Arkansas,"2,299","43,109","58,188"
42.01,Pulaski County,Arkansas,"1,317","101,458","177,574"
42.02,Pulaski County,Arkansas,"1,769","121,156","194,237"
42.05,Pulaski County,Arkansas,"2,231","68,446","93,930"
42.13,Pulaski County,Arkansas,"2,184","182,833","251,862"
42.14,Pulaski County,Arkansas,"1,493","90,865","128,844"
42.15,Pulaski County,Arkansas,"1,957","103,147","161,659"
42.18,Pulaski County,Arkansas,"1,822","62,000","91,125"
42.19,Pulaski County,Arkansas,"2,109","123,090","173,876"
42.20,Pulaski County,Arkansas,"2,718","61,362","80,569"
42.22,Pulaski County,Arkansas,"1,302","62,432","75,425"
42.23,Pulaski County,Arkansas,"1,403","96,083","175,786"
42.24,Pulaski County,Arkansas,"2,518","149,615","177,423"
42.25,Pulaski County,Arkansas,"1,602","80,668","111,581"
42.26,Pulaski County,Arkansas,"1,684","46,511","57,514"
42.27,Pulaski County,Arkansas,510,"72,656","84,736"
42.28,Pulaski County,Arkansas,"1,142","81,042","130,335"
42.29,Pulaski County,Arkansas,"1,667","192,770","232,215"
43.02,Pulaski County,Arkansas,"2,131","55,581","70,354"
43.06,Pulaski County,Arkansas,"2,688","73,812","108,771"
43.07,Pulaski County,Arkansas,"3,122","54,888","60,430"
43.08,Pulaski County,Arkansas,"1,321","81,488","97,083"
43.09,Pulaski County,Arkansas,"1,531","88,429","91,045"
43.10,Pulaski County,Arkansas,"1,640","78,409","98,784"
43.11,Pulaski County,Arkansas,"1,490","148,542","181,410"
44,Pulaski County,Arkansas,"1,323","96,898","145,292"
45,Pulaski County,Arkansas,748,"36,154","51,933"
46,Pulaski County,Arkansas,"1,231","27,435","46,104"
47,Pulaski County,Arkansas,"1,520","48,796","80,090"
48.01,Pulaski County,Arkansas,"1,215","62,772","76,471"
49.01,Pulaski County,Arkansas,"1,347","80,988","116,247"
49.02,Pulaski County,Arkansas,"1,441","137,042","203,951"
9801,Pulaski County,Arkansas,0,-,-
9802,Pulaski County,Arkansas,39,-,"19,269"
9803,Pulaski County,Arkansas,907,"55,927","83,572"
9804,Pulaski County,Arkansas,258,"26,522","42,321"
9601,Randolph County,Arkansas,"1,622","46,635","58,912"
9602.01,Randolph County,Arkansas,879,"78,224","89,626"
9602.02,Randolph County,Arkansas,"1,404","58,718","79,461"
9603.01,Randolph County,Arkansas,"1,617","44,821","63,997"
9603.02,Randolph County,Arkansas,"1,549","41,573","59,450"
9601,St. Francis County,Arkansas,830,"43,036","54,292"
9602.01,St. Francis County,Arkansas,773,"44,578","60,803"
9602.02,St. Francis County,Arkansas,"1,200","53,333","74,991"
9603,St. Francis County,Arkansas,904,"50,058","69,116"
9604,St. Francis County,Arkansas,"1,516","28,568","60,170"
9605,St. Francis County,Arkansas,"1,224","46,596","54,690"
9606,St. Francis County,Arkansas,"1,434","34,943","45,645"
101.01,Saline County,Arkansas,"1,727","53,295","61,375"
101.04,Saline County,Arkansas,"1,527","87,708","105,908"
101.05,Saline County,Arkansas,"2,325","80,841","108,641"
101.06,Saline County,Arkansas,"1,296","66,768","80,711"
101.07,Saline County,Arkansas,"2,705","61,938","75,650"
103.01,Saline County,Arkansas,"2,274","61,364","84,317"
103.02,Saline County,Arkansas,"1,620","72,387","101,615"
103.03,Saline County,Arkansas,"1,557","114,375","121,011"
104.05,Saline County,Arkansas,"1,822","83,571","95,624"
104.06,Saline County,Arkansas,"1,966","63,942","81,235"
104.07,Saline County,Arkansas,"1,873","73,527","91,207"
104.08,Saline County,Arkansas,"3,087","68,580","85,728"
104.09,Saline County,Arkansas,"1,143","68,153","82,184"
104.10,Saline County,Arkansas,"1,038","74,353","88,255"
104.11,Saline County,Arkansas,"2,102","94,500","125,512"
105.07,Saline County,Arkansas,"1,497","83,194","110,729"
105.08,Saline County,Arkansas,"2,024","76,364","86,094"
105.09,Saline County,Arkansas,"1,923","96,813","124,121"
105.11,Saline County,Arkansas,"2,583","88,705","112,554"
105.12,Saline County,Arkansas,"1,196","98,182","102,787"
105.13,Saline County,Arkansas,"1,145","86,382","84,217"
105.14,Saline County,Arkansas,"1,027","84,990","90,690"
105.15,Saline County,Arkansas,"1,251","74,844","91,042"
105.16,Saline County,Arkansas,"1,002","78,913","95,262"
105.17,Saline County,Arkansas,"1,613","81,059","105,420"
105.18,Saline County,Arkansas,"1,224","110,096","122,876"
105.19,Saline County,Arkansas,"1,854","87,700","90,082"
105.20,Saline County,Arkansas,701,"68,125","63,213"
106.01,Saline County,Arkansas,"1,471","49,847","58,839"
106.02,Saline County,Arkansas,"1,016","53,077","62,112"
9501,Scott County,Arkansas,"1,557","48,150","62,936"
9502,Scott County,Arkansas,"1,493","41,801","49,217"
9503,Scott County,Arkansas,877,"50,346","60,571"
9701,Searcy County,Arkansas,842,"43,938","55,230"
9702,Searcy County,Arkansas,"1,405","31,670","48,707"
9703,Searcy County,Arkansas,805,"50,506","58,357"
1,Sebastian County,Arkansas,"2,181","36,956","45,134"
2,Sebastian County,Arkansas,"1,941","47,121","56,486"
3,Sebastian County,Arkansas,877,"42,201","52,273"
4,Sebastian County,Arkansas,"1,268","29,842","42,014"
5.01,Sebastian County,Arkansas,"1,763","35,754","45,975"
5.02,Sebastian County,Arkansas,"1,006","50,333","65,761"
6,Sebastian County,Arkansas,"2,339","47,730","97,380"
7,Sebastian County,Arkansas,"2,010","43,500","56,039"
8,Sebastian County,Arkansas,"1,862","34,333","55,139"
10.01,Sebastian County,Arkansas,"2,100","37,444","50,948"
10.02,Sebastian County,Arkansas,"1,041","98,284","110,332"
11.01,Sebastian County,Arkansas,"1,896","49,408","76,743"
11.02,Sebastian County,Arkansas,"1,457","62,339","79,714"
12.01,Sebastian County,Arkansas,"1,472","58,258","92,496"
12.02,Sebastian County,Arkansas,"1,150","41,250","54,496"
13.01,Sebastian County,Arkansas,"1,052","96,809","116,107"
13.05,Sebastian County,Arkansas,"2,037","66,924","96,975"
13.06,Sebastian County,Arkansas,"1,843","104,100","272,565"
13.07,Sebastian County,Arkansas,"1,592","57,011","103,134"
13.08,Sebastian County,Arkansas,"1,976","52,917","72,444"
13.09,Sebastian County,Arkansas,841,"44,604","59,183"
13.10,Sebastian County,Arkansas,"2,057","62,409","83,567"
13.11,Sebastian County,Arkansas,"1,535","105,066","124,488"
13.12,Sebastian County,Arkansas,"1,712","57,372","86,950"
101.01,Sebastian County,Arkansas,"2,311","71,678","93,058"
101.02,Sebastian County,Arkansas,"2,114","83,077","86,501"
102.01,Sebastian County,Arkansas,"2,097","65,605","101,624"
102.02,Sebastian County,Arkansas,"1,660","62,262","80,559"
103.01,Sebastian County,Arkansas,"2,380","60,909","108,099"
103.03,Sebastian County,Arkansas,"1,068","45,962","57,077"
103.04,Sebastian County,Arkansas,"1,313","59,773","90,477"
801,Sevier County,Arkansas,"1,181","48,902","64,895"
802,Sevier County,Arkansas,"1,359","52,292","78,760"
803,Sevier County,Arkansas,"2,128","52,259","60,832"
804,Sevier County,Arkansas,"1,029","52,829","70,388"
4701,Sharp County,Arkansas,781,"42,208","68,811"
4702.01,Sharp County,Arkansas,"1,082","35,700","53,605"
4702.02,Sharp County,Arkansas,"1,272","36,409","46,783"
4703,Sharp County,Arkansas,"1,494","40,833","58,244"
4704.01,Sharp County,Arkansas,"1,141","63,875","114,302"
4704.02,Sharp County,Arkansas,"1,040","48,235","60,434"
9501,Stone County,Arkansas,"1,708","44,040","56,804"
9502.01,Stone County,Arkansas,557,"32,083","50,930"
9502.03,Stone County,Arkansas,914,"33,227","62,331"
9502.04,Stone County,Arkansas,"1,783","35,893","46,455"
9501,Union County,Arkansas,"1,398","36,110","65,928"
9502,Union County,Arkansas,"1,503","48,301","64,618"
9503,Union County,Arkansas,"1,080","58,362","71,197"
9504.01,Union County,Arkansas,731,"34,950","60,311"
9504.02,Union County,Arkansas,"1,433","67,617","99,337"
9505.01,Union County,Arkansas,"1,290","67,750","112,210"
9505.02,Union County,Arkansas,"1,021","66,525","85,088"
9506,Union County,Arkansas,"1,397","51,716","74,629"
9507,Union County,Arkansas,"1,755","50,286","60,176"
9508,Union County,Arkansas,"1,337","59,515","96,061"
9509,Union County,Arkansas,881,"29,876","40,594"
9510,Union County,Arkansas,"1,299","36,380","52,675"
4601,Van Buren County,Arkansas,"1,530","43,250","58,728"
4602,Van Buren County,Arkansas,"1,325","38,787","52,636"
4603.01,Van Buren County,Arkansas,984,"47,950","73,039"
4603.03,Van Buren County,Arkansas,837,"49,699","60,198"
4603.04,Van Buren County,Arkansas,840,"44,531","58,649"
4604,Van Buren County,Arkansas,"1,599","54,013","63,932"
101.01,Washington County,Arkansas,"1,750","67,500","85,622"
101.07,Washington County,Arkansas,"2,624","108,160","133,891"
101.08,Washington County,Arkansas,"2,136","132,586","205,867"
101.09,Washington County,Arkansas,"1,217","95,704","103,988"
101.10,Washington County,Arkansas,"2,123","59,672","109,209"
101.11,Washington County,Arkansas,964,"76,739","113,220"
101.12,Washington County,Arkansas,981,"89,561","118,063"
101.13,Washington County,Arkansas,"2,809","101,278","155,725"
101.14,Washington County,Arkansas,"1,696","52,388","72,559"
101.15,Washington County,Arkansas,"1,683","111,563","131,357"
102.01,Washington County,Arkansas,"1,353","37,101","55,801"
102.02,Washington County,Arkansas,987,"52,796","55,928"
103.03,Washington County,Arkansas,"2,267","72,316","94,861"
103.04,Washington County,Arkansas,"1,842","49,299","77,136"
103.05,Washington County,Arkansas,"1,680","78,051","92,564"
103.06,Washington County,Arkansas,"1,277","57,068","109,284"
103.07,Washington County,Arkansas,"1,799","47,578","114,265"
104.01,Washington County,Arkansas,"2,334","53,990","76,320"
104.02,Washington County,Arkansas,"1,681","63,537","72,875"
104.04,Washington County,Arkansas,918,"29,569","36,270"
104.05,Washington County,Arkansas,"1,901","87,063","102,856"
105.01,Washington County,Arkansas,"2,930","89,107","137,652"
105.08,Washington County,Arkansas,"2,986","80,313","101,440"
105.10,Washington County,Arkansas,"1,654","73,778","87,378"
105.11,Washington County,Arkansas,"2,721","92,705","131,009"
105.12,Washington County,Arkansas,"2,011","58,453","80,073"
105.13,Washington County,Arkansas,"1,216","62,642","76,186"
105.14,Washington County,Arkansas,"1,362","63,021","88,853"
105.15,Washington County,Arkansas,"2,740","100,102","125,713"
105.16,Washington County,Arkansas,"2,324","71,311","71,889"
105.17,Washington County,Arkansas,"2,234","113,684","143,135"
105.18,Washington County,Arkansas,"1,667","100,134","150,156"
105.19,Washington County,Arkansas,"1,599","85,069","123,044"
105.20,Washington County,Arkansas,"1,506","86,634","119,828"
105.21,Washington County,Arkansas,"1,588","65,388","69,049"
106.01,Washington County,Arkansas,"1,382","38,391","56,711"
106.02,Washington County,Arkansas,"2,102","32,128","45,292"
107.03,Washington County,Arkansas,"1,592","30,842","34,672"
107.04,Washington County,Arkansas,"1,944","24,557","31,992"
107.05,Washington County,Arkansas,"1,795","58,527","69,496"
107.06,Washington County,Arkansas,954,"72,262","108,314"
110.02,Washington County,Arkansas,"2,118","62,283","74,399"
110.03,Washington County,Arkansas,"1,816","65,313","80,449"
110.04,Washington County,Arkansas,"1,588","56,458","73,334"
110.05,Washington County,Arkansas,"1,574","74,890","87,851"
110.06,Washington County,Arkansas,"2,356","81,932","95,377"
111.03,Washington County,Arkansas,"1,702","69,815","90,822"
111.04,Washington County,Arkansas,"1,658","27,794","44,195"
111.05,Washington County,Arkansas,"1,807","36,427","47,487"
111.06,Washington County,Arkansas,"1,302","95,208","97,503"
111.07,Washington County,Arkansas,"1,940","64,638","82,457"
112,Washington County,Arkansas,964,"71,094","82,325"
113.01,Washington County,Arkansas,791,"28,594","50,868"
113.02,Washington County,Arkansas,"1,522","28,771","48,670"
701,White County,Arkansas,"1,343","39,875","55,962"
702,White County,Arkansas,"2,045","55,709","65,181"
703,White County,Arkansas,"1,818","60,278","64,093"
704.01,White County,Arkansas,"2,052","71,004","80,078"
704.02,White County,Arkansas,"1,665","35,677","51,506"
705.01,White County,Arkansas,"1,199","58,194","84,696"
705.02,White County,Arkansas,966,"42,992","79,576"
706,White County,Arkansas,"1,384","47,500","57,364"
707,White County,Arkansas,"1,589","54,340","79,626"
708.01,White County,Arkansas,502,"31,653","47,674"
708.02,White County,Arkansas,"1,223","34,649","44,957"
709.01,White County,Arkansas,"1,635","79,408","105,141"
709.02,White County,Arkansas,"1,816","91,204","120,981"
710.01,White County,Arkansas,"1,352","58,339","83,939"
710.02,White County,Arkansas,"1,455","75,263","82,515"
711.01,White County,Arkansas,"1,555","26,903","39,757"
711.02,White County,Arkansas,"1,186","55,813","58,758"
712.01,White County,Arkansas,"1,970","66,250","101,227"
712.02,White County,Arkansas,"2,190","49,883","61,788"
4901,Woodruff County,Arkansas,"1,682","44,138","63,951"
4902,Woodruff County,Arkansas,"1,071","53,647","66,607"
9523.01,Yell County,Arkansas,"1,018","48,150","60,050"
9523.02,Yell County,Arkansas,"1,207","61,637","66,305"
9524.01,Yell County,Arkansas,953,"65,607","71,178"
9524.02,Yell County,Arkansas,"2,146","72,132","76,240"
9525,Yell County,Arkansas,"1,619","47,766","56,642"
9526,Yell County,Arkansas,"1,110","53,013","65,930"
