label,variable_id_2022
percent!!race!!total population!!one race!!asian!!vietnamese,DP05_0050PE
annotation of percent!!sex and age!!total population!!18 years and over,DP05_0025PEA
annotation of estimate!!sex and age!!total population!!65 to 74 years,DP05_0015EA
annotation of percent!!sex and age!!total population,DP05_0001PEA
percent margin of error!!race!!total population!!one race!!asian!!vietnamese,DP05_0050PM
annotation of percent!!race!!total population!!one race!!white,DP05_0037PEA
annotation of margin of error!!hispanic or latino and race!!total population!!not hispanic or latino!!american indian and alaska native alone,DP05_0081MA
annotation of estimate!!race!!total population!!two or more races!!white and black or african american,DP05_0059EA
annotation of percent!!race!!total population!!one race!!asian!!korean,DP05_0049PEA
annotation of estimate!!sex and age!!total population!!male,DP05_0002EA
annotation of percent margin of error!!sex and age!!total population!!55 to 59 years,DP05_0013PMA
annotation of margin of error!!sex and age!!total population!!18 years and over!!sex ratio (males per 100 females),DP05_0028MA
annotation of percent!!race!!total population!!one race!!asian!!vietnamese,DP05_0050PEA
margin of error!!sex and age!!total population!!18 years and over!!sex ratio (males per 100 females),DP05_0028M
annotation of percent margin of error!!hispanic or latino and race!!total population!!hispanic or latino (of any race)!!other hispanic or latino,DP05_0077PMA
percent margin of error!!sex and age!!total population!!18 years and over!!sex ratio (males per 100 females),DP05_0028PM
estimate!!sex and age!!total population!!18 years and over!!sex ratio (males per 100 females),DP05_0028E
percent!!sex and age!!total population!!18 years and over!!sex ratio (males per 100 females),DP05_0028PE
percent margin of error!!hispanic or latino and race!!total population!!not hispanic or latino!!american indian and alaska native alone,DP05_0081PM
annotation of margin of error!!sex and age!!total population!!65 to 74 years,DP05_0015MA
percent!!hispanic or latino and race!!total population!!not hispanic or latino!!american indian and alaska native alone,DP05_0081PE
margin of error!!sex and age!!total population!!65 years and over,DP05_0029M
estimate!!sex and age!!total population!!65 years and over,DP05_0029E
annotation of estimate!!race!!total population!!one race!!asian!!chinese,DP05_0046EA
annotation of estimate!!race!!total population,DP05_0033EA
annotation of percent margin of error!!race alone or in combination with one or more other races!!total population,DP05_0065PMA
annotation of percent margin of error!!sex and age!!total population,DP05_0001PMA
margin of error!!sex and age!!total population!!65 years and over,DP05_0024M
estimate!!sex and age!!total population!!65 years and over,DP05_0024E
annotation of margin of error!!race!!total population!!two or more races!!white and black or african american,DP05_0059MA
margin of error!!sex and age!!total population!!18 years and over,DP05_0025M
estimate!!sex and age!!total population!!18 years and over,DP05_0025E
percent margin of error!!sex and age!!total population!!65 to 74 years,DP05_0015PM
annotation of margin of error!!sex and age!!total population!!male,DP05_0002MA
percent!!sex and age!!total population!!65 to 74 years,DP05_0015PE
margin of error!!sex and age!!total population!!18 years and over!!male,DP05_0026M
"annotation of percent margin of error!!citizen, voting age population!!citizen, 18 and over population!!male",DP05_0090PMA
estimate!!sex and age!!total population!!18 years and over!!male,DP05_0026E
percent margin of error!!sex and age!!total population!!male,DP05_0002PM
annotation of estimate!!hispanic or latino and race!!total population!!hispanic or latino (of any race)!!other hispanic or latino,DP05_0077EA
annotation of percent!!sex and age!!total population!!55 to 59 years,DP05_0013PEA
percent!!sex and age!!total population!!male,DP05_0002PE
margin of error!!sex and age!!total population!!18 years and over!!female,DP05_0027M
estimate!!sex and age!!total population!!18 years and over!!female,DP05_0027E
annotation of estimate!!sex and age!!total population!!16 years and over,DP05_0020EA
"annotation of percent margin of error!!citizen, voting age population!!citizen, 18 and over population",DP05_0089PMA
annotation of percent!!hispanic or latino and race!!total population!!hispanic or latino (of any race)!!other hispanic or latino,DP05_0077PEA
estimate!!sex and age!!total population!!16 years and over,DP05_0020E
annotation of percent margin of error!!sex and age!!total population!!18 years and over!!sex ratio (males per 100 females),DP05_0028PMA
estimate!!sex and age!!total population!!18 years and over,DP05_0021E
percent margin of error!!race!!total population!!two or more races!!white and black or african american,DP05_0059PM
percent!!race!!total population!!two or more races!!white and black or african american,DP05_0059PE
margin of error!!sex and age!!total population!!16 years and over,DP05_0020M
annotation of margin of error!!race!!total population!!one race!!asian!!chinese,DP05_0046MA
margin of error!!sex and age!!total population!!21 years and over,DP05_0022M
estimate!!sex and age!!total population!!21 years and over,DP05_0022E
annotation of percent margin of error!!sex and age!!total population!!sex ratio (males per 100 females),DP05_0004PMA
annotation of percent!!race alone or in combination with one or more other races!!total population,DP05_0065PEA
percent margin of error!!race!!total population!!one race!!asian!!chinese,DP05_0046PM
annotation of margin of error!!race!!total population,DP05_0033MA
margin of error!!sex and age!!total population!!18 years and over,DP05_0021M
percent!!race!!total population!!one race!!asian!!chinese,DP05_0046PE
margin of error!!sex and age!!total population!!62 years and over,DP05_0023M
estimate!!sex and age!!total population!!62 years and over,DP05_0023E
annotation of estimate!!race!!total population!!two or more races!!black or african american and some other race,DP05_0064EA
annotation of estimate!!race!!total population!!one race!!asian!!other asian,DP05_0051EA
"annotation of percent!!citizen, voting age population!!citizen, 18 and over population!!male",DP05_0090PEA
annotation of percent margin of error!!race!!total population!!one race!!american indian and alaska native!!chippewa tribal grouping,DP05_0041PMA
annotation of margin of error!!hispanic or latino and race!!total population!!hispanic or latino (of any race)!!other hispanic or latino,DP05_0077MA
annotation of percent margin of error!!race!!total population!!one race!!native hawaiian and other pacific islander!!chamorro,DP05_0053PMA
percent margin of error!!race!!total population,DP05_0033PM
"annotation of percent!!citizen, voting age population!!citizen, 18 and over population",DP05_0089PEA
percent!!race!!total population,DP05_0033PE
annotation of margin of error!!sex and age!!total population!!16 years and over,DP05_0020MA
percent margin of error!!sex and age!!total population!!16 years and over,DP05_0020PM
percent!!sex and age!!total population!!16 years and over,DP05_0020PE
annotation of percent!!sex and age!!total population!!18 years and over!!sex ratio (males per 100 females),DP05_0028PEA
percent margin of error!!hispanic or latino and race!!total population!!hispanic or latino (of any race)!!other hispanic or latino,DP05_0077PM
annotation of margin of error!!race!!total population!!two or more races!!black or african american and some other race,DP05_0064MA
percent!!hispanic or latino and race!!total population!!hispanic or latino (of any race)!!other hispanic or latino,DP05_0077PE
annotation of percent!!race!!total population!!one race!!american indian and alaska native!!chippewa tribal grouping,DP05_0041PEA
percent margin of error!!race!!total population!!two or more races!!black or african american and some other race,DP05_0064PM
percent!!race!!total population!!two or more races!!black or african american and some other race,DP05_0064PE
annotation of margin of error!!race!!total population!!one race!!asian!!other asian,DP05_0051MA
annotation of estimate!!sex and age!!total population!!65 years and over,DP05_0029EA
annotation of estimate!!hispanic or latino and race!!total population!!not hispanic or latino!!asian alone,DP05_0082EA
percent!!race!!total population!!one race!!asian!!other asian,DP05_0051PE
annotation of estimate!!sex and age!!total population!!75 to 84 years,DP05_0016EA
annotation of percent!!race!!total population!!one race!!native hawaiian and other pacific islander!!chamorro,DP05_0053PEA
annotation of percent margin of error!!sex and age!!total population!!75 to 84 years,DP05_0016PMA
percent margin of error!!race!!total population!!one race!!asian!!other asian,DP05_0051PM
annotation of margin of error!!hispanic or latino and race!!total population!!not hispanic or latino!!asian alone,DP05_0082MA
annotation of estimate!!sex and age!!total population!!female,DP05_0003EA
annotation of percent margin of error!!race alone or in combination with one or more other races!!total population!!american indian and alaska native,DP05_0068PMA
annotation of margin of error!!sex and age!!total population!!65 years and over,DP05_0029MA
percent margin of error!!sex and age!!total population!!65 years and over,DP05_0029PM
percent!!sex and age!!total population!!65 years and over,DP05_0029PE
percent margin of error!!hispanic or latino and race!!total population!!not hispanic or latino!!asian alone,DP05_0082PM
annotation of margin of error!!sex and age!!total population!!75 to 84 years,DP05_0016MA
percent!!hispanic or latino and race!!total population!!not hispanic or latino!!asian alone,DP05_0082PE
annotation of estimate!!race!!total population!!one race!!asian!!filipino,DP05_0047EA
annotation of percent margin of error!!hispanic or latino and race!!total population!!not hispanic or latino!!american indian and alaska native alone,DP05_0081PMA
annotation of percent!!sex and age!!total population!!75 to 84 years,DP05_0016PEA
annotation of percent margin of error!!sex and age!!total population!!under 18 years,DP05_0019PMA
annotation of estimate!!race!!total population!!one race,DP05_0034EA
annotation of percent margin of error!!sex and age!!total population!!16 years and over,DP05_0020PMA
annotation of percent!!sex and age!!total population!!sex ratio (males per 100 females),DP05_0004PEA
annotation of percent margin of error!!sex and age!!total population!!65 years and over!!sex ratio (males per 100 females),DP05_0032PMA
percent margin of error!!sex and age!!total population!!75 to 84 years,DP05_0016PM
percent!!sex and age!!total population!!75 to 84 years,DP05_0016PE
annotation of percent!!race alone or in combination with one or more other races!!total population!!american indian and alaska native,DP05_0068PEA
annotation of margin of error!!sex and age!!total population!!female,DP05_0003MA
margin of error!!race!!total population!!one race,DP05_0036M
annotation of percent margin of error!!race!!total population!!one race!!asian,DP05_0044PMA
estimate!!race!!total population!!one race,DP05_0036E
percent margin of error!!sex and age!!total population!!female,DP05_0003PM
annotation of estimate!!hispanic or latino and race!!total population!!not hispanic or latino,DP05_0078EA
percent!!sex and age!!total population!!female,DP05_0003PE
margin of error!!race!!total population!!one race!!white,DP05_0037M
estimate!!race!!total population!!one race!!white,DP05_0037E
annotation of estimate!!sex and age!!total population!!18 years and over,DP05_0021EA
annotation of percent!!hispanic or latino and race!!total population!!not hispanic or latino!!american indian and alaska native alone,DP05_0081PEA
margin of error!!race!!total population!!one race!!black or african american,DP05_0038M
annotation of percent margin of error!!race!!total population!!one race!!native hawaiian and other pacific islander!!other native hawaiian and other pacific islander,DP05_0056PMA
estimate!!race!!total population!!one race!!black or african american,DP05_0038E
margin of error!!race!!total population!!one race!!american indian and alaska native,DP05_0039M
estimate!!race!!total population!!one race!!american indian and alaska native,DP05_0039E
annotation of margin of error!!race!!total population!!one race!!asian!!filipino,DP05_0047MA
estimate!!sex and age!!total population!!65 years and over!!sex ratio (males per 100 females),DP05_0032E
percent margin of error!!race!!total population!!one race!!asian!!filipino,DP05_0047PM
annotation of margin of error!!race!!total population!!one race,DP05_0034MA
percent!!race!!total population!!one race!!asian!!filipino,DP05_0047PE
annotation of percent!!sex and age!!total population!!under 18 years,DP05_0019PEA
margin of error!!sex and age!!total population!!65 years and over!!female,DP05_0031M
margin of error!!race!!total population,DP05_0033M
estimate!!race!!total population,DP05_0033E
annotation of percent!!sex and age!!total population!!10 to 14 years,DP05_0007PEA
annotation of estimate!!race alone or in combination with one or more other races!!total population,DP05_0065EA
margin of error!!sex and age!!total population!!65 years and over!!sex ratio (males per 100 females),DP05_0032M
margin of error!!race!!total population!!one race,DP05_0034M
estimate!!race!!total population!!one race,DP05_0034E
annotation of percent!!sex and age!!total population!!16 years and over,DP05_0020PEA
annotation of estimate!!race!!total population!!one race!!native hawaiian and other pacific islander,DP05_0052EA
annotation of percent!!sex and age!!total population!!65 years and over!!sex ratio (males per 100 females),DP05_0032PEA
margin of error!!race!!total population!!two or more races,DP05_0035M
estimate!!race!!total population!!two or more races,DP05_0035E
annotation of percent!!race!!total population!!one race!!asian,DP05_0044PEA
annotation of margin of error!!hispanic or latino and race!!total population!!not hispanic or latino,DP05_0078MA
percent margin of error!!race!!total population!!one race,DP05_0034PM
annotation of margin of error!!sex and age!!total population!!18 years and over,DP05_0021MA
percent!!race!!total population!!one race,DP05_0034PE
annotation of percent!!race!!total population!!one race!!native hawaiian and other pacific islander!!other native hawaiian and other pacific islander,DP05_0056PEA
estimate!!sex and age!!total population!!65 years and over!!male,DP05_0030E
percent margin of error!!sex and age!!total population!!18 years and over,DP05_0021PM
percent!!sex and age!!total population!!18 years and over,DP05_0021PE
estimate!!sex and age!!total population!!65 years and over!!female,DP05_0031E
margin of error!!sex and age!!total population!!65 years and over!!male,DP05_0030M
annotation of percent margin of error!!hispanic or latino and race!!total population,DP05_0072PMA
percent margin of error!!hispanic or latino and race!!total population!!not hispanic or latino,DP05_0078PM
annotation of percent margin of error!!sex and age!!total population!!10 to 14 years,DP05_0007PMA
percent!!hispanic or latino and race!!total population!!not hispanic or latino,DP05_0078PE
annotation of margin of error!!race alone or in combination with one or more other races!!total population,DP05_0065MA
annotation of percent margin of error!!race!!total population!!two or more races!!white and black or african american,DP05_0059PMA
percent margin of error!!race alone or in combination with one or more other races!!total population,DP05_0065PM
percent!!race alone or in combination with one or more other races!!total population,DP05_0065PE
annotation of margin of error!!race!!total population!!one race!!native hawaiian and other pacific islander,DP05_0052MA
annotation of percent margin of error!!race!!total population!!two or more races!!white and american indian and alaska native,DP05_0060PMA
annotation of estimate!!hispanic or latino and race!!total population!!not hispanic or latino!!native hawaiian and other pacific islander alone,DP05_0083EA
annotation of estimate!!sex and age!!total population!!85 years and over,DP05_0017EA
annotation of estimate!!race alone or in combination with one or more other races!!total population!!native hawaiian and other pacific islander,DP05_0070EA
annotation of percent margin of error!!hispanic or latino and race!!total population!!not hispanic or latino!!some other race alone,DP05_0084PMA
percent margin of error!!race!!total population!!one race!!native hawaiian and other pacific islander,DP05_0052PM
percent!!race!!total population!!one race!!native hawaiian and other pacific islander,DP05_0052PE
annotation of percent!!race!!total population!!two or more races!!white and american indian and alaska native,DP05_0060PEA
annotation of percent margin of error!!sex and age!!total population!!35 to 44 years,DP05_0011PMA
annotation of margin of error!!sex and age!!total population!!15 to 19 years,DP05_0008MA
percent margin of error!!hispanic or latino and race!!total population!!hispanic or latino (of any race)!!mexican,DP05_0074PM
percent!!hispanic or latino and race!!total population!!hispanic or latino (of any race)!!mexican,DP05_0074PE
annotation of percent margin of error!!sex and age!!total population!!62 years and over,DP05_0023PMA
percent margin of error!!sex and age!!total population!!15 to 19 years,DP05_0008PM
percent!!sex and age!!total population!!15 to 19 years,DP05_0008PE
percent margin of error!!race!!total population!!two or more races!!white and asian,DP05_0061PM
annotation of percent!!race!!total population!!two or more races!!white and black or african american,DP05_0059PEA
"estimate!!citizen, voting age population!!citizen, 18 and over population!!female",DP05_0091E
percent!!race!!total population!!two or more races!!white and asian,DP05_0061PE
annotation of estimate!!sex and age!!total population!!18 years and over!!male,DP05_0026EA
"margin of error!!citizen, voting age population!!citizen, 18 and over population!!male",DP05_0090M
"estimate!!citizen, voting age population!!citizen, 18 and over population!!male",DP05_0090E
margin of error!!sex and age!!total population!!15 to 19 years,DP05_0008M
estimate!!sex and age!!total population!!15 to 19 years,DP05_0008E
annotation of estimate!!sex and age!!total population!!55 to 59 years,DP05_0013EA
margin of error!!sex and age!!total population!!20 to 24 years,DP05_0009M
annotation of percent!!hispanic or latino and race!!total population!!not hispanic or latino!!some other race alone,DP05_0084PEA
estimate!!sex and age!!total population!!20 to 24 years,DP05_0009E
annotation of percent margin of error!!race!!total population!!two or more races,DP05_0035PMA
annotation of margin of error!!race!!total population!!one race!!american indian and alaska native,DP05_0039MA
annotation of percent!!hispanic or latino and race!!total population,DP05_0072PEA
annotation of percent margin of error!!race!!total population!!one race!!asian!!filipino,DP05_0047PMA
margin of error!!sex and age!!total population!!sex ratio (males per 100 females),DP05_0004M
estimate!!sex and age!!total population!!sex ratio (males per 100 females),DP05_0004E
annotation of estimate!!race!!total population!!one race!!some other race,DP05_0057EA
annotation of percent!!sex and age!!total population!!35 to 44 years,DP05_0011PEA
margin of error!!sex and age!!total population!!under 5 years,DP05_0005M
estimate!!sex and age!!total population!!under 5 years,DP05_0005E
margin of error!!sex and age!!total population!!5 to 9 years,DP05_0006M
annotation of percent!!sex and age!!total population!!62 years and over,DP05_0023PEA
estimate!!sex and age!!total population!!5 to 9 years,DP05_0006E
margin of error!!sex and age!!total population!!10 to 14 years,DP05_0007M
percent margin of error!!race!!total population!!one race!!american indian and alaska native,DP05_0039PM
estimate!!sex and age!!total population!!10 to 14 years,DP05_0007E
percent!!race!!total population!!one race!!american indian and alaska native,DP05_0039PE
annotation of margin of error!!sex and age!!total population!!18 years and over!!male,DP05_0026MA
percent margin of error!!sex and age!!total population!!18 years and over!!male,DP05_0026PM
percent!!sex and age!!total population!!18 years and over!!male,DP05_0026PE
annotation of margin of error!!sex and age!!total population!!55 to 59 years,DP05_0013MA
margin of error!!sex and age!!total population,DP05_0001M
estimate!!sex and age!!total population,DP05_0001E
annotation of estimate!!race!!total population!!one race!!asian,DP05_0044EA
annotation of percent!!race!!total population!!two or more races,DP05_0035PEA
margin of error!!sex and age!!total population!!male,DP05_0002M
estimate!!sex and age!!total population!!male,DP05_0002E
annotation of estimate!!sex and age!!total population!!65 years and over!!female,DP05_0031EA
margin of error!!sex and age!!total population!!female,DP05_0003M
annotation of percent!!race!!total population!!one race!!asian!!filipino,DP05_0047PEA
estimate!!sex and age!!total population!!female,DP05_0003E
annotation of percent margin of error!!race!!total population!!two or more races!!black or african american and american indian and alaska native,DP05_0063PMA
annotation of margin of error!!race!!total population!!one race!!some other race,DP05_0057MA
annotation of percent margin of error!!race!!total population!!one race!!asian!!other asian,DP05_0051PMA
annotation of estimate!!total housing units,DP05_0088EA
percent margin of error!!sex and age!!total population!!55 to 59 years,DP05_0013PM
percent!!sex and age!!total population!!55 to 59 years,DP05_0013PE
annotation of estimate!!hispanic or latino and race!!total population!!hispanic or latino (of any race)!!puerto rican,DP05_0075EA
margin of error!!total housing units,DP05_0088M
estimate!!total housing units,DP05_0088E
"margin of error!!hispanic or latino and race!!total population!!not hispanic or latino!!two or more races!!two races excluding some other race, and three or more races",DP05_0087M
"margin of error!!citizen, voting age population!!citizen, 18 and over population",DP05_0089M
"estimate!!citizen, voting age population!!citizen, 18 and over population",DP05_0089E
percent margin of error!!race!!total population!!one race!!some other race,DP05_0057PM
annotation of margin of error!!race!!total population!!one race!!asian,DP05_0044MA
"annotation of percent margin of error!!hispanic or latino and race!!total population!!not hispanic or latino!!two or more races!!two races excluding some other race, and three or more races",DP05_0087PMA
percent!!race!!total population!!one race!!some other race,DP05_0057PE
annotation of percent margin of error!!hispanic or latino and race!!total population!!hispanic or latino (of any race)!!puerto rican,DP05_0075PMA
percent margin of error!!race!!total population!!one race!!asian,DP05_0044PM
percent!!race!!total population!!one race!!asian,DP05_0044PE
annotation of margin of error!!sex and age!!total population!!65 years and over!!female,DP05_0031MA
annotation of estimate!!sex and age!!total population!!20 to 24 years,DP05_0009EA
annotation of estimate!!race!!total population!!two or more races!!white and some other race,DP05_0062EA
estimate!!hispanic or latino and race!!total population!!not hispanic or latino!!some other race alone,DP05_0084E
margin of error!!hispanic or latino and race!!total population!!not hispanic or latino!!native hawaiian and other pacific islander alone,DP05_0083M
annotation of percent!!race!!total population!!one race!!asian!!other asian,DP05_0051PEA
estimate!!hispanic or latino and race!!total population!!not hispanic or latino!!two or more races,DP05_0085E
annotation of percent!!race!!total population!!two or more races!!black or african american and american indian and alaska native,DP05_0063PEA
annotation of percent margin of error!!sex and age!!total population!!60 to 64 years,DP05_0014PMA
margin of error!!hispanic or latino and race!!total population!!not hispanic or latino!!some other race alone,DP05_0084M
annotation of margin of error!!total housing units,DP05_0088MA
estimate!!hispanic or latino and race!!total population!!not hispanic or latino!!two or more races!!two races including some other race,DP05_0086E
percent margin of error!!total housing units,DP05_0088PM
margin of error!!hispanic or latino and race!!total population!!not hispanic or latino!!two or more races,DP05_0085M
annotation of margin of error!!hispanic or latino and race!!total population!!hispanic or latino (of any race)!!puerto rican,DP05_0075MA
percent!!total housing units,DP05_0088PE
"estimate!!hispanic or latino and race!!total population!!not hispanic or latino!!two or more races!!two races excluding some other race, and three or more races",DP05_0087E
annotation of percent margin of error!!sex and age!!total population!!18 years and over!!male,DP05_0026PMA
percent margin of error!!sex and age!!total population!!65 years and over!!female,DP05_0031PM
percent!!sex and age!!total population!!65 years and over!!female,DP05_0031PE
margin of error!!hispanic or latino and race!!total population!!not hispanic or latino!!two or more races!!two races including some other race,DP05_0086M
estimate!!hispanic or latino and race!!total population!!not hispanic or latino!!black or african american alone,DP05_0080E
annotation of margin of error!!race!!total population!!two or more races!!white and some other race,DP05_0062MA
annotation of percent margin of error!!race!!total population!!one race!!black or african american,DP05_0038PMA
estimate!!hispanic or latino and race!!total population!!not hispanic or latino!!american indian and alaska native alone,DP05_0081E
"annotation of percent!!hispanic or latino and race!!total population!!not hispanic or latino!!two or more races!!two races excluding some other race, and three or more races",DP05_0087PEA
margin of error!!hispanic or latino and race!!total population!!not hispanic or latino!!black or african american alone,DP05_0080M
estimate!!hispanic or latino and race!!total population!!not hispanic or latino!!asian alone,DP05_0082E
margin of error!!hispanic or latino and race!!total population!!not hispanic or latino!!american indian and alaska native alone,DP05_0081M
estimate!!hispanic or latino and race!!total population!!not hispanic or latino!!native hawaiian and other pacific islander alone,DP05_0083E
annotation of margin of error!!sex and age!!total population!!20 to 24 years,DP05_0009MA
percent margin of error!!hispanic or latino and race!!total population!!hispanic or latino (of any race)!!puerto rican,DP05_0075PM
annotation of percent!!hispanic or latino and race!!total population!!hispanic or latino (of any race)!!puerto rican,DP05_0075PEA
margin of error!!hispanic or latino and race!!total population!!not hispanic or latino!!asian alone,DP05_0082M
percent!!hispanic or latino and race!!total population!!hispanic or latino (of any race)!!puerto rican,DP05_0075PE
annotation of percent!!sex and age!!total population!!male,DP05_0002PEA
percent margin of error!!sex and age!!total population!!20 to 24 years,DP05_0009PM
percent!!sex and age!!total population!!20 to 24 years,DP05_0009PE
percent margin of error!!race!!total population!!two or more races!!white and some other race,DP05_0062PM
percent!!race!!total population!!two or more races!!white and some other race,DP05_0062PE
annotation of estimate!!sex and age!!total population!!18 years and over!!female,DP05_0027EA
annotation of percent!!sex and age!!total population!!60 to 64 years,DP05_0014PEA
annotation of estimate!!hispanic or latino and race!!total population!!not hispanic or latino!!black or african american alone,DP05_0080EA
annotation of estimate!!sex and age!!total population!!60 to 64 years,DP05_0014EA
"annotation of percent margin of error!!citizen, voting age population!!citizen, 18 and over population!!female",DP05_0091PMA
annotation of percent!!sex and age!!total population!!18 years and over!!male,DP05_0026PEA
annotation of percent!!race!!total population!!one race!!black or african american,DP05_0038PEA
annotation of margin of error!!hispanic or latino and race!!total population!!not hispanic or latino!!black or african american alone,DP05_0080MA
annotation of estimate!!race!!total population!!two or more races,DP05_0058EA
annotation of estimate!!sex and age!!total population,DP05_0001EA
annotation of percent margin of error!!sex and age!!total population!!male,DP05_0002PMA
margin of error!!sex and age!!total population!!75 to 84 years,DP05_0016M
annotation of percent margin of error!!race!!total population!!one race!!native hawaiian and other pacific islander!!native hawaiian,DP05_0054PMA
estimate!!sex and age!!total population!!75 to 84 years,DP05_0016E
margin of error!!sex and age!!total population!!85 years and over,DP05_0017M
estimate!!sex and age!!total population!!85 years and over,DP05_0017E
annotation of percent margin of error!!race alone or in combination with one or more other races!!total population!!white,DP05_0066PMA
annotation of margin of error!!sex and age!!total population!!18 years and over!!female,DP05_0027MA
margin of error!!sex and age!!total population!!median age (years),DP05_0018M
percent margin of error!!sex and age!!total population!!18 years and over!!female,DP05_0027PM
estimate!!sex and age!!total population!!median age (years),DP05_0018E
"annotation of percent!!citizen, voting age population!!citizen, 18 and over population!!female",DP05_0091PEA
percent!!sex and age!!total population!!18 years and over!!female,DP05_0027PE
percent margin of error!!hispanic or latino and race!!total population!!not hispanic or latino!!black or african american alone,DP05_0080PM
annotation of margin of error!!sex and age!!total population!!60 to 64 years,DP05_0014MA
percent!!hispanic or latino and race!!total population!!not hispanic or latino!!black or african american alone,DP05_0080PE
margin of error!!sex and age!!total population!!under 18 years,DP05_0019M
annotation of estimate!!race!!total population!!one race!!asian!!asian indian,DP05_0045EA
estimate!!sex and age!!total population!!under 18 years,DP05_0019E
margin of error!!sex and age!!total population!!45 to 54 years,DP05_0012M
estimate!!sex and age!!total population!!45 to 54 years,DP05_0012E
annotation of estimate!!sex and age!!total population!!65 years and over!!sex ratio (males per 100 females),DP05_0032EA
margin of error!!sex and age!!total population!!55 to 59 years,DP05_0013M
estimate!!sex and age!!total population!!55 to 59 years,DP05_0013E
margin of error!!sex and age!!total population!!60 to 64 years,DP05_0014M
estimate!!sex and age!!total population!!60 to 64 years,DP05_0014E
annotation of margin of error!!race!!total population!!two or more races,DP05_0058MA
margin of error!!sex and age!!total population!!65 to 74 years,DP05_0015M
annotation of percent margin of error!!hispanic or latino and race!!total population!!not hispanic or latino,DP05_0078PMA
estimate!!sex and age!!total population!!65 to 74 years,DP05_0015E
percent margin of error!!sex and age!!total population!!60 to 64 years,DP05_0014PM
"annotation of estimate!!citizen, voting age population!!citizen, 18 and over population",DP05_0089EA
annotation of margin of error!!sex and age!!total population,DP05_0001MA
percent!!sex and age!!total population!!60 to 64 years,DP05_0014PE
annotation of percent!!race!!total population!!one race!!native hawaiian and other pacific islander!!native hawaiian,DP05_0054PEA
annotation of estimate!!hispanic or latino and race!!total population!!hispanic or latino (of any race)!!cuban,DP05_0076EA
percent margin of error!!sex and age!!total population,DP05_0001PM
percent!!sex and age!!total population,DP05_0001PE
annotation of percent!!race alone or in combination with one or more other races!!total population!!white,DP05_0066PEA
annotation of percent!!race!!total population!!one race!!american indian and alaska native!!navajo tribal grouping,DP05_0042PEA
estimate!!sex and age!!total population!!25 to 34 years,DP05_0010E
annotation of percent margin of error!!sex and age!!total population!!85 years and over,DP05_0017PMA
margin of error!!sex and age!!total population!!35 to 44 years,DP05_0011M
estimate!!sex and age!!total population!!35 to 44 years,DP05_0011E
percent margin of error!!race!!total population!!two or more races,DP05_0058PM
annotation of margin of error!!race!!total population!!one race!!asian!!asian indian,DP05_0045MA
percent!!race!!total population!!two or more races,DP05_0058PE
margin of error!!sex and age!!total population!!25 to 34 years,DP05_0010M
percent margin of error!!race!!total population!!one race!!asian!!asian indian,DP05_0045PM
annotation of percent margin of error!!sex and age!!total population!!65 years and over,DP05_0029PMA
annotation of percent margin of error!!sex and age!!total population!!65 years and over!!male,DP05_0030PMA
annotation of margin of error!!sex and age!!total population!!65 years and over!!sex ratio (males per 100 females),DP05_0032MA
percent!!race!!total population!!one race!!asian!!asian indian,DP05_0045PE
annotation of estimate!!race!!total population!!two or more races!!black or african american and american indian and alaska native,DP05_0063EA
annotation of percent margin of error!!race!!total population!!one race!!american indian and alaska native!!navajo tribal grouping,DP05_0042PMA
annotation of estimate!!race!!total population!!one race!!asian!!vietnamese,DP05_0050EA
annotation of percent!!sex and age!!total population!!under 5 years,DP05_0005PEA
annotation of percent!!hispanic or latino and race!!total population!!not hispanic or latino,DP05_0078PEA
"annotation of margin of error!!citizen, voting age population!!citizen, 18 and over population",DP05_0089MA
"percent margin of error!!citizen, voting age population!!citizen, 18 and over population",DP05_0089PM
"percent!!citizen, voting age population!!citizen, 18 and over population",DP05_0089PE
annotation of margin of error!!hispanic or latino and race!!total population!!hispanic or latino (of any race)!!cuban,DP05_0076MA
percent margin of error!!sex and age!!total population!!65 years and over!!sex ratio (males per 100 females),DP05_0032PM
percent!!sex and age!!total population!!65 years and over!!sex ratio (males per 100 females),DP05_0032PE
annotation of margin of error!!race!!total population!!two or more races!!black or african american and american indian and alaska native,DP05_0063MA
annotation of percent!!sex and age!!total population!!85 years and over,DP05_0017PEA
annotation of percent!!sex and age!!total population!!65 years and over,DP05_0029PEA
"margin of error!!citizen, voting age population!!citizen, 18 and over population!!female",DP05_0091M
percent margin of error!!hispanic or latino and race!!total population!!hispanic or latino (of any race)!!cuban,DP05_0076PM
percent!!hispanic or latino and race!!total population!!hispanic or latino (of any race)!!cuban,DP05_0076PE
percent margin of error!!race!!total population!!two or more races!!black or african american and american indian and alaska native,DP05_0063PM
percent!!race!!total population!!two or more races!!black or african american and american indian and alaska native,DP05_0063PE
annotation of percent!!sex and age!!total population!!65 years and over!!male,DP05_0030PEA
annotation of margin of error!!race!!total population!!one race!!asian!!vietnamese,DP05_0050MA
annotation of percent margin of error!!sex and age!!total population!!under 5 years,DP05_0005PMA
annotation of estimate!!sex and age!!total population!!18 years and over!!sex ratio (males per 100 females),DP05_0028EA
annotation of estimate!!hispanic or latino and race!!total population!!not hispanic or latino!!american indian and alaska native alone,DP05_0081EA
annotation of margin of error!!sex and age!!total population!!under 18 years,DP05_0019MA
annotation of percent margin of error!!race!!total population!!one race!!some other race,DP05_0057PMA
percent margin of error!!hispanic or latino and race!!total population!!not hispanic or latino!!two or more races,DP05_0085PM
percent!!hispanic or latino and race!!total population!!not hispanic or latino!!two or more races,DP05_0085PE
annotation of margin of error!!hispanic or latino and race!!total population,DP05_0072MA
annotation of percent margin of error!!race!!total population!!one race!!asian!!asian indian,DP05_0045PMA
percent!!hispanic or latino and race!!total population,DP05_0072PE
annotation of estimate!!race!!total population!!one race!!white,DP05_0037EA
"annotation of estimate!!citizen, voting age population!!citizen, 18 and over population!!male",DP05_0090EA
annotation of percent!!hispanic or latino and race!!total population!!not hispanic or latino!!asian alone,DP05_0082PEA
annotation of percent margin of error!!hispanic or latino and race!!total population!!not hispanic or latino!!asian alone,DP05_0082PMA
percent margin of error!!sex and age!!total population!!under 18 years,DP05_0019PM
annotation of margin of error!!sex and age!!total population!!5 to 9 years,DP05_0006MA
percent!!sex and age!!total population!!under 18 years,DP05_0019PE
percent margin of error!!hispanic or latino and race!!total population,DP05_0072PM
percent margin of error!!sex and age!!total population!!5 to 9 years,DP05_0006PM
percent!!sex and age!!total population!!5 to 9 years,DP05_0006PE
annotation of percent margin of error!!sex and age!!total population!!15 to 19 years,DP05_0008PMA
annotation of percent margin of error!!race alone or in combination with one or more other races!!total population!!asian,DP05_0069PMA
annotation of percent margin of error!!race alone or in combination with one or more other races!!total population!!native hawaiian and other pacific islander,DP05_0070PMA
annotation of estimate!!sex and age!!total population!!65 years and over,DP05_0024EA
annotation of estimate!!sex and age!!total population!!35 to 44 years,DP05_0011EA
annotation of percent!!race!!total population!!one race!!some other race,DP05_0057PEA
annotation of percent!!race!!total population!!one race!!asian!!asian indian,DP05_0045PEA
annotation of margin of error!!race!!total population!!one race!!white,DP05_0037MA
"annotation of margin of error!!citizen, voting age population!!citizen, 18 and over population!!male",DP05_0090MA
annotation of estimate!!race alone or in combination with one or more other races!!total population!!american indian and alaska native,DP05_0068EA
annotation of percent margin of error!!sex and age!!total population!!18 years and over,DP05_0021PMA
"percent!!citizen, voting age population!!citizen, 18 and over population!!male",DP05_0090PE
annotation of estimate!!race!!total population!!one race!!native hawaiian and other pacific islander!!samoan,DP05_0055EA
annotation of percent!!race alone or in combination with one or more other races!!total population!!native hawaiian and other pacific islander,DP05_0070PEA
annotation of percent!!race alone or in combination with one or more other races!!total population!!asian,DP05_0069PEA
annotation of percent margin of error!!race!!total population,DP05_0033PMA
percent margin of error!!race!!total population!!one race!!white,DP05_0037PM
percent!!race!!total population!!one race!!white,DP05_0037PE
annotation of margin of error!!sex and age!!total population!!65 years and over,DP05_0024MA
"percent margin of error!!citizen, voting age population!!citizen, 18 and over population!!male",DP05_0090PM
margin of error!!race alone or in combination with one or more other races!!total population!!american indian and alaska native,DP05_0068M
estimate!!race alone or in combination with one or more other races!!total population!!american indian and alaska native,DP05_0068E
percent margin of error!!sex and age!!total population!!65 years and over,DP05_0024PM
annotation of margin of error!!sex and age!!total population!!35 to 44 years,DP05_0011MA
percent!!sex and age!!total population!!65 years and over,DP05_0024PE
margin of error!!race alone or in combination with one or more other races!!total population!!asian,DP05_0069M
estimate!!race alone or in combination with one or more other races!!total population!!asian,DP05_0069E
annotation of estimate!!race!!total population!!one race!!american indian and alaska native!!navajo tribal grouping,DP05_0042EA
annotation of percent margin of error!!hispanic or latino and race!!total population!!not hispanic or latino!!two or more races,DP05_0085PMA
annotation of margin of error!!race alone or in combination with one or more other races!!total population!!american indian and alaska native,DP05_0068MA
estimate!!race!!total population!!two or more races!!black or african american and some other race,DP05_0064E
annotation of percent!!sex and age!!total population!!18 years and over,DP05_0021PEA
percent margin of error!!race alone or in combination with one or more other races!!total population!!american indian and alaska native,DP05_0068PM
annotation of margin of error!!race!!total population!!one race!!native hawaiian and other pacific islander!!samoan,DP05_0055MA
percent!!race alone or in combination with one or more other races!!total population!!american indian and alaska native,DP05_0068PE
margin of error!!race!!total population!!two or more races!!black or african american and american indian and alaska native,DP05_0063M
estimate!!race alone or in combination with one or more other races!!total population,DP05_0065E
geographic area name,NAME
percent margin of error!!sex and age!!total population!!35 to 44 years,DP05_0011PM
annotation of estimate!!hispanic or latino and race!!total population!!not hispanic or latino!!two or more races!!two races including some other race,DP05_0086EA
percent!!sex and age!!total population!!35 to 44 years,DP05_0011PE
margin of error!!race!!total population!!two or more races!!black or african american and some other race,DP05_0064M
margin of error!!race alone or in combination with one or more other races!!total population!!white,DP05_0066M
estimate!!race alone or in combination with one or more other races!!total population!!white,DP05_0066E
annotation of estimate!!hispanic or latino and race!!total population!!hispanic or latino (of any race),DP05_0073EA
margin of error!!race alone or in combination with one or more other races!!total population,DP05_0065M
margin of error!!race alone or in combination with one or more other races!!total population!!black or african american,DP05_0067M
estimate!!race alone or in combination with one or more other races!!total population!!black or african american,DP05_0067E
annotation of percent!!race!!total population,DP05_0033PEA
annotation of percent margin of error!!race!!total population!!one race!!asian!!japanese,DP05_0048PMA
estimate!!race!!total population!!two or more races!!white and american indian and alaska native,DP05_0060E
estimate!!race!!total population!!two or more races!!white and asian,DP05_0061E
percent margin of error!!race!!total population!!one race!!native hawaiian and other pacific islander!!samoan,DP05_0055PM
percent!!race!!total population!!one race!!native hawaiian and other pacific islander!!samoan,DP05_0055PE
margin of error!!race!!total population!!two or more races!!white and american indian and alaska native,DP05_0060M
annotation of margin of error!!race!!total population!!one race!!american indian and alaska native!!navajo tribal grouping,DP05_0042MA
estimate!!race!!total population!!two or more races!!white and some other race,DP05_0062E
annotation of percent!!hispanic or latino and race!!total population!!not hispanic or latino!!two or more races,DP05_0085PEA
percent margin of error!!race!!total population!!one race!!american indian and alaska native!!navajo tribal grouping,DP05_0042PM
margin of error!!race!!total population!!two or more races!!white and asian,DP05_0061M
percent!!race!!total population!!one race!!american indian and alaska native!!navajo tribal grouping,DP05_0042PE
estimate!!race!!total population!!two or more races!!black or african american and american indian and alaska native,DP05_0063E
annotation of estimate!!sex and age!!total population!!10 to 14 years,DP05_0007EA
annotation of estimate!!race!!total population!!two or more races!!white and american indian and alaska native,DP05_0060EA
margin of error!!race!!total population!!two or more races!!white and some other race,DP05_0062M
annotation of percent margin of error!!hispanic or latino and race!!total population!!hispanic or latino (of any race),DP05_0073PMA
annotation of margin of error!!hispanic or latino and race!!total population!!not hispanic or latino!!two or more races!!two races including some other race,DP05_0086MA
annotation of percent!!sex and age!!total population!!15 to 19 years,DP05_0008PEA
annotation of percent margin of error!!race!!total population!!two or more races!!white and asian,DP05_0061PMA
percent margin of error!!hispanic or latino and race!!total population!!not hispanic or latino!!two or more races!!two races including some other race,DP05_0086PM
percent!!hispanic or latino and race!!total population!!not hispanic or latino!!two or more races!!two races including some other race,DP05_0086PE
annotation of margin of error!!hispanic or latino and race!!total population!!hispanic or latino (of any race),DP05_0073MA
annotation of margin of error!!race!!total population!!two or more races!!white and american indian and alaska native,DP05_0060MA
percent!!hispanic or latino and race!!total population!!hispanic or latino (of any race),DP05_0073PE
annotation of percent!!race!!total population!!one race!!asian!!japanese,DP05_0048PEA
annotation of estimate!!race!!total population!!one race!!black or african american,DP05_0038EA
"annotation of estimate!!citizen, voting age population!!citizen, 18 and over population!!female",DP05_0091EA
annotation of percent margin of error!!sex and age!!total population!!45 to 54 years,DP05_0012PMA
annotation of margin of error!!sex and age!!total population!!10 to 14 years,DP05_0007MA
percent margin of error!!hispanic or latino and race!!total population!!hispanic or latino (of any race),DP05_0073PM
percent margin of error!!sex and age!!total population!!10 to 14 years,DP05_0007PM
percent!!sex and age!!total population!!10 to 14 years,DP05_0007PE
percent margin of error!!race!!total population!!two or more races!!white and american indian and alaska native,DP05_0060PM
annotation of percent margin of error!!sex and age!!total population!!65 years and over,DP05_0024PMA
percent!!race!!total population!!two or more races!!white and american indian and alaska native,DP05_0060PE
annotation of estimate!!sex and age!!total population!!18 years and over,DP05_0025EA
annotation of percent!!hispanic or latino and race!!total population!!hispanic or latino (of any race),DP05_0073PEA
annotation of percent margin of error!!race!!total population!!one race,DP05_0036PMA
annotation of estimate!!sex and age!!total population!!45 to 54 years,DP05_0012EA
annotation of percent!!race!!total population!!two or more races!!white and asian,DP05_0061PEA
annotation of margin of error!!race!!total population!!one race!!black or african american,DP05_0038MA
"annotation of margin of error!!citizen, voting age population!!citizen, 18 and over population!!female",DP05_0091MA
annotation of estimate!!race alone or in combination with one or more other races!!total population!!asian,DP05_0069EA
"percent!!citizen, voting age population!!citizen, 18 and over population!!female",DP05_0091PE
annotation of estimate!!race!!total population!!one race!!native hawaiian and other pacific islander!!other native hawaiian and other pacific islander,DP05_0056EA
annotation of percent margin of error!!total housing units,DP05_0088PMA
annotation of percent!!sex and age!!total population!!45 to 54 years,DP05_0012PEA
annotation of percent!!sex and age!!total population!!65 years and over,DP05_0024PEA
percent margin of error!!race!!total population!!one race!!black or african american,DP05_0038PM
percent!!race!!total population!!one race!!black or african american,DP05_0038PE
"percent margin of error!!citizen, voting age population!!citizen, 18 and over population!!female",DP05_0091PM
annotation of margin of error!!sex and age!!total population!!18 years and over,DP05_0025MA
percent margin of error!!sex and age!!total population!!18 years and over,DP05_0025PM
annotation of percent!!race!!total population!!one race,DP05_0036PEA
annotation of margin of error!!sex and age!!total population!!45 to 54 years,DP05_0012MA
percent!!sex and age!!total population!!18 years and over,DP05_0025PE
annotation of estimate!!race!!total population!!one race!!american indian and alaska native!!sioux tribal grouping,DP05_0043EA
annotation of percent margin of error!!race!!total population!!one race!!american indian and alaska native!!cherokee tribal grouping,DP05_0040PMA
annotation of estimate!!sex and age!!total population!!65 years and over!!male,DP05_0030EA
annotation of percent margin of error!!race!!total population!!one race!!american indian and alaska native,DP05_0039PMA
annotation of margin of error!!race alone or in combination with one or more other races!!total population!!asian,DP05_0069MA
annotation of percent margin of error!!race!!total population!!one race!!native hawaiian and other pacific islander,DP05_0052PMA
percent margin of error!!race alone or in combination with one or more other races!!total population!!asian,DP05_0069PM
annotation of percent!!total housing units,DP05_0088PEA
annotation of margin of error!!race!!total population!!one race!!native hawaiian and other pacific islander!!other native hawaiian and other pacific islander,DP05_0056MA
percent!!race alone or in combination with one or more other races!!total population!!asian,DP05_0069PE
"annotation of estimate!!hispanic or latino and race!!total population!!not hispanic or latino!!two or more races!!two races excluding some other race, and three or more races",DP05_0087EA
percent margin of error!!sex and age!!total population!!45 to 54 years,DP05_0012PM
percent!!sex and age!!total population!!45 to 54 years,DP05_0012PE
estimate!!hispanic or latino and race!!total population!!hispanic or latino (of any race)!!cuban,DP05_0076E
annotation of estimate!!hispanic or latino and race!!total population!!hispanic or latino (of any race)!!mexican,DP05_0074EA
margin of error!!hispanic or latino and race!!total population!!hispanic or latino (of any race)!!puerto rican,DP05_0075M
margin of error!!hispanic or latino and race!!total population!!hispanic or latino (of any race)!!other hispanic or latino,DP05_0077M
estimate!!hispanic or latino and race!!total population!!hispanic or latino (of any race)!!other hispanic or latino,DP05_0077E
annotation of percent margin of error!!sex and age!!total population!!female,DP05_0003PMA
annotation of percent margin of error!!hispanic or latino and race!!total population!!hispanic or latino (of any race)!!cuban,DP05_0076PMA
margin of error!!hispanic or latino and race!!total population!!hispanic or latino (of any race)!!cuban,DP05_0076M
margin of error!!hispanic or latino and race!!total population!!not hispanic or latino,DP05_0078M
estimate!!hispanic or latino and race!!total population!!not hispanic or latino,DP05_0078E
margin of error!!hispanic or latino and race!!total population!!not hispanic or latino!!white alone,DP05_0079M
estimate!!hispanic or latino and race!!total population!!not hispanic or latino!!white alone,DP05_0079E
annotation of percent margin of error!!race!!total population!!two or more races!!black or african american and some other race,DP05_0064PMA
percent margin of error!!race!!total population!!one race!!native hawaiian and other pacific islander!!other native hawaiian and other pacific islander,DP05_0056PM
annotation of margin of error!!race!!total population!!one race!!american indian and alaska native!!sioux tribal grouping,DP05_0043MA
percent!!race!!total population!!one race!!native hawaiian and other pacific islander!!other native hawaiian and other pacific islander,DP05_0056PE
estimate!!hispanic or latino and race!!total population,DP05_0072E
percent margin of error!!race!!total population!!one race!!american indian and alaska native!!sioux tribal grouping,DP05_0043PM
percent!!race!!total population!!one race!!american indian and alaska native!!sioux tribal grouping,DP05_0043PE
margin of error!!race alone or in combination with one or more other races!!total population!!some other race,DP05_0071M
estimate!!hispanic or latino and race!!total population!!hispanic or latino (of any race),DP05_0073E
annotation of margin of error!!sex and age!!total population!!65 years and over!!male,DP05_0030MA
annotation of estimate!!sex and age!!total population!!15 to 19 years,DP05_0008EA
annotation of estimate!!race!!total population!!two or more races!!white and asian,DP05_0061EA
margin of error!!hispanic or latino and race!!total population,DP05_0072M
annotation of percent!!race!!total population!!one race!!american indian and alaska native,DP05_0039PEA
estimate!!hispanic or latino and race!!total population!!hispanic or latino (of any race)!!mexican,DP05_0074E
margin of error!!hispanic or latino and race!!total population!!hispanic or latino (of any race),DP05_0073M
estimate!!hispanic or latino and race!!total population!!hispanic or latino (of any race)!!puerto rican,DP05_0075E
annotation of percent!!race!!total population!!one race!!american indian and alaska native!!cherokee tribal grouping,DP05_0040PEA
"annotation of margin of error!!hispanic or latino and race!!total population!!not hispanic or latino!!two or more races!!two races excluding some other race, and three or more races",DP05_0087MA
margin of error!!hispanic or latino and race!!total population!!hispanic or latino (of any race)!!mexican,DP05_0074M
annotation of percent!!race!!total population!!two or more races!!black or african american and some other race,DP05_0064PEA
annotation of percent margin of error!!sex and age!!total population!!65 to 74 years,DP05_0015PMA
"percent margin of error!!hispanic or latino and race!!total population!!not hispanic or latino!!two or more races!!two races excluding some other race, and three or more races",DP05_0087PM
"percent!!hispanic or latino and race!!total population!!not hispanic or latino!!two or more races!!two races excluding some other race, and three or more races",DP05_0087PE
annotation of margin of error!!hispanic or latino and race!!total population!!hispanic or latino (of any race)!!mexican,DP05_0074MA
annotation of percent!!hispanic or latino and race!!total population!!hispanic or latino (of any race)!!cuban,DP05_0076PEA
percent margin of error!!sex and age!!total population!!65 years and over!!male,DP05_0030PM
percent!!sex and age!!total population!!65 years and over!!male,DP05_0030PE
annotation of percent!!race!!total population!!one race!!native hawaiian and other pacific islander,DP05_0052PEA
estimate!!race alone or in combination with one or more other races!!total population!!native hawaiian and other pacific islander,DP05_0070E
annotation of margin of error!!race!!total population!!two or more races!!white and asian,DP05_0061MA
annotation of percent margin of error!!sex and age!!total population!!18 years and over!!female,DP05_0027PMA
annotation of estimate!!race!!total population!!one race!!american indian and alaska native,DP05_0039EA
estimate!!race alone or in combination with one or more other races!!total population!!some other race,DP05_0071E
margin of error!!race alone or in combination with one or more other races!!total population!!native hawaiian and other pacific islander,DP05_0070M
annotation of margin of error!!hispanic or latino and race!!total population!!not hispanic or latino!!native hawaiian and other pacific islander alone,DP05_0083MA
annotation of estimate!!sex and age!!total population!!sex ratio (males per 100 females),DP05_0004EA
annotation of percent margin of error!!hispanic or latino and race!!total population!!not hispanic or latino!!white alone,DP05_0079PMA
annotation of percent margin of error!!hispanic or latino and race!!total population!!not hispanic or latino!!black or african american alone,DP05_0080PMA
annotation of margin of error!!sex and age!!total population!!85 years and over,DP05_0017MA
percent margin of error!!hispanic or latino and race!!total population!!not hispanic or latino!!native hawaiian and other pacific islander alone,DP05_0083PM
annotation of percent!!sex and age!!total population!!65 to 74 years,DP05_0015PEA
percent!!hispanic or latino and race!!total population!!not hispanic or latino!!native hawaiian and other pacific islander alone,DP05_0083PE
annotation of margin of error!!race alone or in combination with one or more other races!!total population!!native hawaiian and other pacific islander,DP05_0070MA
annotation of estimate!!race!!total population!!one race!!asian!!japanese,DP05_0048EA
percent!!race alone or in combination with one or more other races!!total population!!native hawaiian and other pacific islander,DP05_0070PE
annotation of percent!!sex and age!!total population!!18 years and over!!female,DP05_0027PEA
annotation of estimate!!race!!total population!!two or more races,DP05_0035EA
annotation of percent!!hispanic or latino and race!!total population!!not hispanic or latino!!black or african american alone,DP05_0080PEA
percent margin of error!!sex and age!!total population!!85 years and over,DP05_0017PM
percent!!sex and age!!total population!!85 years and over,DP05_0017PE
percent margin of error!!race alone or in combination with one or more other races!!total population!!native hawaiian and other pacific islander,DP05_0070PM
annotation of percent margin of error!!sex and age!!total population!!65 years and over!!female,DP05_0031PMA
annotation of margin of error!!sex and age!!total population!!sex ratio (males per 100 females),DP05_0004MA
annotation of percent!!hispanic or latino and race!!total population!!not hispanic or latino!!white alone,DP05_0079PEA
annotation of estimate!!hispanic or latino and race!!total population!!not hispanic or latino!!white alone,DP05_0079EA
percent margin of error!!sex and age!!total population!!sex ratio (males per 100 females),DP05_0004PM
percent!!sex and age!!total population!!sex ratio (males per 100 females),DP05_0004PE
annotation of percent margin of error!!race!!total population!!one race!!american indian and alaska native!!sioux tribal grouping,DP05_0043PMA
annotation of estimate!!sex and age!!total population!!21 years and over,DP05_0022EA
margin of error!!race!!total population!!one race!!asian!!japanese,DP05_0048M
estimate!!race!!total population!!one race!!asian!!japanese,DP05_0048E
annotation of percent margin of error!!race alone or in combination with one or more other races!!total population!!black or african american,DP05_0067PMA
annotation of percent!!sex and age!!total population!!female,DP05_0003PEA
margin of error!!race!!total population!!one race!!asian!!korean,DP05_0049M
annotation of percent margin of error!!race!!total population!!one race!!native hawaiian and other pacific islander!!samoan,DP05_0055PMA
estimate!!race!!total population!!one race!!asian!!korean,DP05_0049E
annotation of margin of error!!race!!total population!!one race!!asian!!japanese,DP05_0048MA
percent margin of error!!race!!total population!!one race!!asian!!japanese,DP05_0048PM
percent!!race!!total population!!one race!!asian!!japanese,DP05_0048PE
annotation of margin of error!!race!!total population!!two or more races,DP05_0035MA
annotation of estimate!!race alone or in combination with one or more other races!!total population!!white,DP05_0066EA
annotation of percent!!sex and age!!total population!!65 years and over!!female,DP05_0031PEA
margin of error!!race!!total population!!one race!!asian,DP05_0044M
estimate!!race!!total population!!one race!!asian,DP05_0044E
annotation of estimate!!race!!total population!!one race!!native hawaiian and other pacific islander!!chamorro,DP05_0053EA
margin of error!!race!!total population!!one race!!american indian and alaska native!!sioux tribal grouping,DP05_0043M
margin of error!!race!!total population!!one race!!asian!!asian indian,DP05_0045M
estimate!!race!!total population!!one race!!asian!!asian indian,DP05_0045E
margin of error!!race!!total population!!one race!!asian!!chinese,DP05_0046M
estimate!!race!!total population!!one race!!asian!!chinese,DP05_0046E
annotation of margin of error!!hispanic or latino and race!!total population!!not hispanic or latino!!white alone,DP05_0079MA
margin of error!!race!!total population!!one race!!asian!!filipino,DP05_0047M
estimate!!race!!total population!!one race!!asian!!filipino,DP05_0047E
annotation of percent!!race!!total population!!one race!!american indian and alaska native!!sioux tribal grouping,DP05_0043PEA
percent margin of error!!race!!total population!!two or more races,DP05_0035PM
annotation of margin of error!!sex and age!!total population!!21 years and over,DP05_0022MA
percent!!race!!total population!!two or more races,DP05_0035PE
annotation of percent!!sex and age!!total population!!5 to 9 years,DP05_0006PEA
estimate!!race!!total population!!one race!!american indian and alaska native!!cherokee tribal grouping,DP05_0040E
percent margin of error!!sex and age!!total population!!21 years and over,DP05_0022PM
annotation of percent!!race alone or in combination with one or more other races!!total population!!black or african american,DP05_0067PEA
percent!!sex and age!!total population!!21 years and over,DP05_0022PE
annotation of percent!!race!!total population!!one race!!native hawaiian and other pacific islander!!samoan,DP05_0055PEA
estimate!!race!!total population!!one race!!american indian and alaska native!!chippewa tribal grouping,DP05_0041E
annotation of percent margin of error!!sex and age!!total population!!median age (years),DP05_0018PMA
margin of error!!race!!total population!!one race!!american indian and alaska native!!cherokee tribal grouping,DP05_0040M
annotation of estimate!!race!!total population!!one race!!american indian and alaska native!!cherokee tribal grouping,DP05_0040EA
estimate!!race!!total population!!one race!!american indian and alaska native!!navajo tribal grouping,DP05_0042E
margin of error!!race!!total population!!one race!!american indian and alaska native!!chippewa tribal grouping,DP05_0041M
estimate!!race!!total population!!one race!!american indian and alaska native!!sioux tribal grouping,DP05_0043E
percent margin of error!!hispanic or latino and race!!total population!!not hispanic or latino!!white alone,DP05_0079PM
percent!!hispanic or latino and race!!total population!!not hispanic or latino!!white alone,DP05_0079PE
annotation of margin of error!!race alone or in combination with one or more other races!!total population!!white,DP05_0066MA
margin of error!!race!!total population!!one race!!american indian and alaska native!!navajo tribal grouping,DP05_0042M
percent margin of error!!race alone or in combination with one or more other races!!total population!!white,DP05_0066PM
annotation of margin of error!!race!!total population!!one race!!native hawaiian and other pacific islander!!chamorro,DP05_0053MA
percent!!race alone or in combination with one or more other races!!total population!!white,DP05_0066PE
annotation of percent margin of error!!hispanic or latino and race!!total population!!not hispanic or latino!!native hawaiian and other pacific islander alone,DP05_0083PMA
annotation of estimate!!hispanic or latino and race!!total population!!not hispanic or latino!!some other race alone,DP05_0084EA
annotation of percent margin of error!!race alone or in combination with one or more other races!!total population!!some other race,DP05_0071PMA
annotation of margin of error!!race!!total population!!one race!!american indian and alaska native!!cherokee tribal grouping,DP05_0040MA
annotation of estimate!!sex and age!!total population!!median age (years),DP05_0018EA
annotation of estimate!!race alone or in combination with one or more other races!!total population!!some other race,DP05_0071EA
annotation of percent margin of error!!sex and age!!total population!!5 to 9 years,DP05_0006PMA
percent margin of error!!race!!total population!!one race!!native hawaiian and other pacific islander!!chamorro,DP05_0053PM
percent!!race!!total population!!one race!!native hawaiian and other pacific islander!!chamorro,DP05_0053PE
annotation of percent!!sex and age!!total population!!median age (years),DP05_0018PEA
annotation of margin of error!!hispanic or latino and race!!total population!!not hispanic or latino!!some other race alone,DP05_0084MA
percent margin of error!!race!!total population!!one race!!american indian and alaska native!!cherokee tribal grouping,DP05_0040PM
percent!!race!!total population!!one race!!american indian and alaska native!!cherokee tribal grouping,DP05_0040PE
annotation of estimate!!sex and age!!total population!!under 5 years,DP05_0005EA
annotation of percent!!hispanic or latino and race!!total population!!not hispanic or latino!!native hawaiian and other pacific islander alone,DP05_0083PEA
annotation of percent margin of error!!race!!total population!!one race,DP05_0034PMA
annotation of percent margin of error!!race!!total population!!one race!!asian!!chinese,DP05_0046PMA
annotation of margin of error!!sex and age!!total population!!median age (years),DP05_0018MA
percent margin of error!!hispanic or latino and race!!total population!!not hispanic or latino!!some other race alone,DP05_0084PM
annotation of margin of error!!race alone or in combination with one or more other races!!total population!!some other race,DP05_0071MA
percent!!hispanic or latino and race!!total population!!not hispanic or latino!!some other race alone,DP05_0084PE
annotation of estimate!!race!!total population!!one race!!asian!!korean,DP05_0049EA
annotation of percent margin of error!!sex and age!!total population!!20 to 24 years,DP05_0009PMA
annotation of percent!!race alone or in combination with one or more other races!!total population!!some other race,DP05_0071PEA
percent!!race alone or in combination with one or more other races!!total population!!some other race,DP05_0071PE
annotation of estimate!!race!!total population!!one race,DP05_0036EA
percent margin of error!!sex and age!!total population!!median age (years),DP05_0018PM
percent!!sex and age!!total population!!median age (years),DP05_0018PE
annotation of percent margin of error!!race!!total population!!two or more races,DP05_0058PMA
percent margin of error!!race alone or in combination with one or more other races!!total population!!some other race,DP05_0071PM
annotation of margin of error!!sex and age!!total population!!under 5 years,DP05_0005MA
percent margin of error!!sex and age!!total population!!under 5 years,DP05_0005PM
percent!!sex and age!!total population!!under 5 years,DP05_0005PE
annotation of percent!!race!!total population!!one race,DP05_0034PEA
annotation of estimate!!sex and age!!total population!!62 years and over,DP05_0023EA
annotation of percent!!race!!total population!!one race!!asian!!chinese,DP05_0046PEA
annotation of estimate!!sex and age!!total population!!25 to 34 years,DP05_0010EA
annotation of margin of error!!race!!total population!!one race!!asian!!korean,DP05_0049MA
percent margin of error!!race!!total population!!one race!!asian!!korean,DP05_0049PM
percent!!race!!total population!!one race!!asian!!korean,DP05_0049PE
annotation of margin of error!!race!!total population!!one race,DP05_0036MA
annotation of percent margin of error!!sex and age!!total population!!25 to 34 years,DP05_0010PMA
annotation of estimate!!race alone or in combination with one or more other races!!total population!!black or african american,DP05_0067EA
annotation of estimate!!race!!total population!!one race!!native hawaiian and other pacific islander!!native hawaiian,DP05_0054EA
annotation of percent margin of error!!sex and age!!total population!!21 years and over,DP05_0022PMA
geography,GEO_ID
annotation of percent!!race!!total population!!two or more races,DP05_0058PEA
margin of error!!race!!total population!!one race!!native hawaiian and other pacific islander!!other native hawaiian and other pacific islander,DP05_0056M
estimate!!race!!total population!!one race!!native hawaiian and other pacific islander!!other native hawaiian and other pacific islander,DP05_0056E
annotation of percent margin of error!!hispanic or latino and race!!total population!!not hispanic or latino!!two or more races!!two races including some other race,DP05_0086PMA
margin of error!!race!!total population!!one race!!some other race,DP05_0057M
estimate!!race!!total population!!one race!!some other race,DP05_0057E
percent margin of error!!race!!total population!!one race,DP05_0036PM
annotation of margin of error!!sex and age!!total population!!62 years and over,DP05_0023MA
percent!!race!!total population!!one race,DP05_0036PE
margin of error!!race!!total population!!two or more races,DP05_0058M
estimate!!race!!total population!!two or more races,DP05_0058E
percent margin of error!!sex and age!!total population!!62 years and over,DP05_0023PM
annotation of margin of error!!sex and age!!total population!!25 to 34 years,DP05_0010MA
percent!!sex and age!!total population!!62 years and over,DP05_0023PE
annotation of percent margin of error!!hispanic or latino and race!!total population!!hispanic or latino (of any race)!!mexican,DP05_0074PMA
margin of error!!race!!total population!!two or more races!!white and black or african american,DP05_0059M
estimate!!race!!total population!!two or more races!!white and black or african american,DP05_0059E
annotation of estimate!!race!!total population!!one race!!american indian and alaska native!!chippewa tribal grouping,DP05_0041EA
estimate!!race!!total population!!one race!!native hawaiian and other pacific islander,DP05_0052E
margin of error!!race!!total population!!one race!!asian!!other asian,DP05_0051M
estimate!!race!!total population!!one race!!native hawaiian and other pacific islander!!chamorro,DP05_0053E
annotation of percent!!sex and age!!total population!!25 to 34 years,DP05_0010PEA
margin of error!!race!!total population!!one race!!native hawaiian and other pacific islander,DP05_0052M
annotation of margin of error!!race alone or in combination with one or more other races!!total population!!black or african american,DP05_0067MA
estimate!!race!!total population!!one race!!native hawaiian and other pacific islander!!native hawaiian,DP05_0054E
percent margin of error!!race alone or in combination with one or more other races!!total population!!black or african american,DP05_0067PM
percent!!race alone or in combination with one or more other races!!total population!!black or african american,DP05_0067PE
annotation of margin of error!!race!!total population!!one race!!native hawaiian and other pacific islander!!native hawaiian,DP05_0054MA
margin of error!!race!!total population!!one race!!native hawaiian and other pacific islander!!chamorro,DP05_0053M
margin of error!!race!!total population!!one race!!native hawaiian and other pacific islander!!samoan,DP05_0055M
estimate!!race!!total population!!one race!!native hawaiian and other pacific islander!!samoan,DP05_0055E
annotation of percent!!sex and age!!total population!!21 years and over,DP05_0022PEA
percent margin of error!!sex and age!!total population!!25 to 34 years,DP05_0010PM
annotation of estimate!!hispanic or latino and race!!total population!!not hispanic or latino!!two or more races,DP05_0085EA
percent!!sex and age!!total population!!25 to 34 years,DP05_0010PE
margin of error!!race!!total population!!one race!!native hawaiian and other pacific islander!!native hawaiian,DP05_0054M
annotation of margin of error!!race!!total population!!one race!!american indian and alaska native!!chippewa tribal grouping,DP05_0041MA
annotation of percent margin of error!!sex and age!!total population!!18 years and over,DP05_0025PMA
annotation of estimate!!sex and age!!total population!!under 18 years,DP05_0019EA
annotation of estimate!!hispanic or latino and race!!total population,DP05_0072EA
annotation of percent!!hispanic or latino and race!!total population!!hispanic or latino (of any race)!!mexican,DP05_0074PEA
estimate!!race!!total population!!one race!!asian!!vietnamese,DP05_0050E
annotation of percent!!race!!total population!!two or more races!!white and some other race,DP05_0062PEA
estimate!!race!!total population!!one race!!asian!!other asian,DP05_0051E
annotation of percent!!sex and age!!total population!!20 to 24 years,DP05_0009PEA
percent margin of error!!race!!total population!!one race!!native hawaiian and other pacific islander!!native hawaiian,DP05_0054PM
annotation of percent margin of error!!race!!total population!!one race!!white,DP05_0037PMA
percent!!race!!total population!!one race!!native hawaiian and other pacific islander!!native hawaiian,DP05_0054PE
margin of error!!race!!total population!!one race!!asian!!vietnamese,DP05_0050M
annotation of margin of error!!hispanic or latino and race!!total population!!not hispanic or latino!!two or more races,DP05_0085MA
annotation of percent margin of error!!race!!total population!!one race!!asian!!vietnamese,DP05_0050PMA
percent margin of error!!race!!total population!!one race!!american indian and alaska native!!chippewa tribal grouping,DP05_0041PM
percent!!race!!total population!!one race!!american indian and alaska native!!chippewa tribal grouping,DP05_0041PE
annotation of percent margin of error!!race!!total population!!one race!!asian!!korean,DP05_0049PMA
annotation of estimate!!sex and age!!total population!!5 to 9 years,DP05_0006EA
annotation of percent margin of error!!race!!total population!!two or more races!!white and some other race,DP05_0062PMA
annotation of percent!!hispanic or latino and race!!total population!!not hispanic or latino!!two or more races!!two races including some other race,DP05_0086PEA
